sku,medidas,colores_banos,material,ubicacion,marca,proveedor,nombre_pendiente_OCR,potencia_pendiente_OCR,tono_luz_pendiente_OCR
P-01,1mt. de largo x 80cm. de profundidad · Bajada de caño de 60cm. NO TIENE MOVIMIENTOS,"Negro con terminaciones en bronce, cromo o · cobre · Baño: bronce, cromo o cobre · Incluye · 6 portalámparas E27. Electricidad 220w",,,Perfecta,MAZ Iluminación,,,
P-02,1mt. de largo x 80cm. de profundidad · Bajada de caño de 60cm. NO TIENE MOVIMIENTOS,"Negro con terminaciones en bronce, cromo o · cobre · Baño: bronce, cromo o cobre · Incluye · 6 portalámparas E27. Electricidad 220w",,,Perfecta,MAZ Iluminación,,,
P-03,"1.2mts. de ancho y bajada de 60cm. · Electricidad 220W, florón 12cm. de diámetro","Negro con terminaciones en bronce, cromo o cobre · Baño: cobre, bronce, níquel o cromo · Incluye · 16 portalámparas E27",,,Perfecta,MAZ Iluminación,,,
P-04,"1.2mts. de ancho y bajada de 60cm. · Electricidad 220W, florón 12cm. de diámetro","Negro con terminaciones en bronce, cromo o cobre · Baño: cobre, bronce, níquel o cromo · Incluye · 16 portalámparas E27",,,Perfecta,MAZ Iluminación,,,
P-05,1mt. de altura · Florón circular de 28cm. de diámetro,"Negro, blanco o efecto óxido · Incluye · 20 portalámparas E27",,,Perfecta,MAZ Iluminación,,,
P-07,70cm. de diámetro sin los focos · Bajada con caño de 60cm.,"Negro, blanco u óxido · Baño: cobre, bronce o cromo · Incluye · 12 portalámparas E27 · Florón de 12cm. de diámetro",,,Perfecta,MAZ Iluminación,,,
P-08,70cm. de diámetro sin los focos · Bajada con caño de 60cm.,"Negro, blanco u óxido · Baño: cobre, bronce o cromo · Incluye · 12 portalámparas E27 · Florón de 12cm. de diámetro",,,Perfecta,MAZ Iluminación,,,
P-09,70cm. de diámetro sin los focos · Bajada con caño de 60cm.,"Negro, blanco u óxido · Baño: cobre, bronce o cromo · Incluye · 18 portalámparas E27 · Florón de 12cm. de diámetro",,,Perfecta,MAZ Iluminación,,,
P-10,70cm. de diámetro sin los focos · Bajada con caño de 60cm.,"Negro, blanco u óxido · Baño: cobre, bronce o cromo · Incluye · 18 portalámparas E27 · Florón de 12cm. de diámetro",,,Perfecta,MAZ Iluminación,,,
P-11,"73cm. de altura x 55cm. de ancho · Bajada mediante cable y tensor de 1,50mt. desde florón de · 12cm. de diámetro","Negro, blanco u óxido · Baño: cobre, bronce o cromo · Incluye · 6 portalámparas E27. Electricidad 220w",,,Perfecta,MAZ Iluminación,,,
P-12,"73cm. de altura x 55cm. de ancho · Bajada mediante cable y tensor de 1,50mt. desde florón de · 12cm. de diámetro","Negro, blanco u óxido · Baño: cobre, bronce o cromo · Incluye · 6 portalámparas E27. Electricidad 220w",,,Perfecta,MAZ Iluminación,,,
P-13,"40x40cm. de base, 30x30cm. parte superior · 40cm. de altura","Óxido, negro y blanco · Incluye · Cadena de bajada de 1mt., florón para amurar al techo. · Portalámparas E27. INCLUYE VIDRIOS",,,Perfecta,MAZ Iluminación,,,
P-14,Opción 1mt. con listón de 80x12cm. (4 lámparas) · Opción 1.20mts. con listón de 1mt. x 12cm. (5 lámparas) · Opción 1.40mts. con listón de 1.20mts. x 12cm. (6 lámparas),"Óxido, negro y blanco · Incluye · Caño de bajada de 60cm. con listón para techo · Portalámparas E27. INCLUYE VIDRIOS",,,Perfecta,MAZ Iluminación,,,
P-15,Opción 1mt. con listón de 80x12cm. (4 lámparas) · Opción 1.20mts. con listón de 1mt. x 12cm. (5 lámparas) · Opción 1.40mts. con listón de 1.20mts. x 12cm. (6 lámparas),"Óxido, negro y blanco · Incluye · Caño de bajada de 60cm. con listón para techo · Portalámparas E27. INCLUYE VIDRIOS",,,Perfecta,MAZ Iluminación,,,
P-16,Opción 1mt. con listón de 80x12cm. (4 lámparas) · Opción 1.20mts. con listón de 1mt. x 12cm. (5 lámparas) · Opción 1.40mts. con listón de 1.20mts. x 12cm. (6 lámparas),"Óxido, negro y blanco · Incluye · Caño de bajada de 60cm. con listón para techo · Portalámparas E27. INCLUYE VIDRIOS",,,Perfecta,MAZ Iluminación,,,
P-17,"Altura de 60cm. regulable, distintas posiciones · Diametro de la pantalla de 14cm.","Negro, blanco u óxido · Baño: cobre, bronce o cromo · Incluye · 1 portalámparas E27",,,Perfecta,MAZ Iluminación,,,
P-18,"Altura de 60cm. regulable, distintas posiciones · Diametro de la pantalla de 14cm.","Negro, blanco u óxido · Baño: cobre, bronce o cromo · Incluye · 1 portalámparas E27",,,Perfecta,MAZ Iluminación,,,
P-19,"Altura de 160cm. regulable, distintas posiciones · Diámetro de la pantalla de 24cm.","Negro, blanco u óxido · Baño: Cobre, bronce o cromo · Incluye · 1 portalámparas E27",,,Perfecta,MAZ Iluminación,,,
P-20,"Altura de 160cm. regulable, distintas posiciones · Diámetro de la pantalla de 24cm.","Negro, blanco u óxido · Baño: Cobre, bronce o cromo · Incluye · 1 portalámparas E27",,,Perfecta,MAZ Iluminación,,,
P-21,40cm. de largo x 30cm. de largo x 30cm. de alto,"Óxido, negro y blanco · Incluye · Cadena de bajada, listón para techo de 80x12cm. · Portalámparas E27. NO INCLUYE VIDRIOS",,,Perfecta,MAZ Iluminación,,,
P-22,Opción de 1mt. de largo x 30cm. de alto x 30cm. de ancho · Opción de 1.20mts. de largo x 30cm. de alto x 30cm. de ancho · Opción de 1.40mts. de largo x 30cm. de alto x 30cm. de ancho,"Óxido, negro y blanco · Incluye · Cadena de bajada, listón para techo de 80x12cm. · Portalámparas E27. NO INCLUYE VIDRIOS",,,Perfecta,MAZ Iluminación,,,
P-23,Opción de 1mt. de largo x 30cm. de alto x 30cm. de ancho · Opción de 1.20mts. de largo x 30cm. de alto x 30cm. de ancho · Opción de 1.40mts. de largo x 30cm. de alto x 30cm. de ancho,"Óxido, negro y blanco · Incluye · Cadena de bajada, listón para techo de 80x12cm. · Portalámparas E27. NO INCLUYE VIDRIOS",,,Perfecta,MAZ Iluminación,,,
P-24,Opción de 1mt. de largo x 30cm. de alto x 30cm. de ancho · Opción de 1.20mts. de largo x 30cm. de alto x 30cm. de ancho · Opción de 1.40mts. de largo x 30cm. de alto x 30cm. de ancho,"Óxido, negro y blanco · Incluye · Cadena de bajada, listón para techo de 80x12cm. · Portalámparas E27. NO INCLUYE VIDRIOS",,,Perfecta,MAZ Iluminación,,,
P-25,"60x30cm. de altura · Bajada con cable y tensor de 1,50mts.","Negro con interior bronce, cobre o blanco · Blanco con interior bronce, cobre o blanco integro · Consultar por más combinaciones · OPCIÓN DORADO A LA HOJA +$7.000 · Incluye · 1 portalámparas E27 · Florón de 12cm. de diámetro",,,Perfecta,MAZ Iluminación,,,
P-27,12 caños con movimientos y bajada de 60cm. de largo · Diámetro de 1.20mts. con los brazos extendidos · Florón de 12cm. de diámetro,"Negro íntegro, blanco u óxido · Baño: cobre, bronce o cromo · Incluye · 12 portalámparas E27. Electricidad 220w",,,Perfecta,MAZ Iluminación,,,
P-28,12 caños con movimientos y bajada de 60cm. de largo · Diámetro de 1.20mts. con los brazos extendidos · Florón de 12cm. de diámetro,"Negro íntegro, blanco u óxido · Baño: cobre, bronce o cromo · Incluye · 12 portalámparas E27. Electricidad 220w",,,Perfecta,MAZ Iluminación,,,
P-30,,"Negro, blanco u óxido · Baño: bronce, cobre, cromo y níquel (consultar adicional)",,,Perfecta,MAZ Iluminación,,,
P-31,,"Negro, blanco u óxido · Baño: bronce, cobre, cromo y níquel (consultar adicional)",,,Perfecta,MAZ Iluminación,,,
P-32,,"Negro, blanco u óxido · Baño: bronce, cobre, cromo y níquel (consultar adicional)",,,Perfecta,MAZ Iluminación,,,
P-33,,"Negro, blanco u óxido · Baño: bronce, cobre, cromo y níquel (consultar adicional)",,,Perfecta,MAZ Iluminación,,,
P-34,,"Negro, blanco u óxido · Baño: bronce, cobre, cromo y níquel (consultar adicional)",,,Perfecta,MAZ Iluminación,,,
P-35,,"Negro, blanco u óxido · Baño: bronce, cobre, cromo y níquel (consultar adicional)",,,Perfecta,MAZ Iluminación,,,
P-36,,"Cemento, blanco, beige o negro · Incluye · Zócalo GU10 · (Precio por unidad)",: cemento · Altura de 35cm. y 16cm. de diámetro,,Perfecta,MAZ Iluminación,,,
P-38,,Negro y dorado · Incluye · Zócalo GU10 · (Iluminación bidireccional),: hierro · 20cm. de altura x 15cm. de largo,,Perfecta,MAZ Iluminación,,,
P-41,,"Negro, blanco, óxido, · metalizado bronce, metalizado cobre, · metalizado plata. (Todos pintura) · Incluye · Portalámparas E27",: alambre · 17cm. de alto x 27cm. de diámetro,,Perfecta,MAZ Iluminación,,,
P-42,,"Negro, blanco, óxido, · metalizado bronce, metalizado cobre, · metalizado plata. (Todos pintura) · Incluye · Portalámparas E27",: alambre · 30cm. de alto x 30cm. de ancho,,Perfecta,MAZ Iluminación,,,
P-43,,"Negro, blanco, óxido, · metalizado bronce, metalizado cobre, · metalizado plata. (Todos pintura) · Incluye · Portalámparas E27",: alambre · 33cm. de alto x 16cm. de diámetro,,Perfecta,MAZ Iluminación,,,
P-44,,"Negro, blanco, óxido, · metalizado bronce, metalizado cobre, · metalizado plata. (Todos pintura) · Incluye · Portalámparas E27",: alambre · 16cm. de diámetro x 33cm. de altura,,Perfecta,MAZ Iluminación,,,
P-45,Chico: 15cm. de diámetro x 25cm. de altura · Mediano: 30cm. de diámetro x 13cm. de altura · Grande: 60cm. de diámetro x 20cm. de altura,"Negro, blanco o beige · Consultar por otros colores · Incluye · Portalámparas E27",,,Perfecta,MAZ Iluminación,,,
P-46,Chico: 15cm. de diámetro x 25cm. de altura · Mediano: 30cm. de diámetro x 13cm. de altura · Grande: 60cm. de diámetro x 20cm. de altura,"Negro, blanco o beige · Consultar por otros colores · Incluye · Portalámparas E27",,,Perfecta,MAZ Iluminación,,,
P-47,Chico: 15cm. de diámetro x 25cm. de altura · Mediano: 30cm. de diámetro x 13cm. de altura · Grande: 60cm. de diámetro x 20cm. de altura,"Negro, blanco o beige · Consultar por otros colores · Incluye · Portalámparas E27",,,Perfecta,MAZ Iluminación,,,
P-48,,Negro u óxido · Incluye · Portalámparas E27,: hierro y resina · Chico: 15cm. de ancho x 28cm. de alto · Grande: 15cm. de ancho x 50cm. de alto,,Perfecta,MAZ Iluminación,,,
P-49,,Negro u óxido · Incluye · Portalámparas E27,: hierro y resina · Chico: 15cm. de ancho x 28cm. de alto · Grande: 15cm. de ancho x 50cm. de alto,,Perfecta,MAZ Iluminación,,,
P-50,,Negro o simil óxido · Incluye · Portalámparas E27,: hierro · Chapón de 32cm. de alto x 15cm. de ancho · Diámetro de la jaula de 16cm. · 25cm. de profundidad total con chapón incluído,,Perfecta,MAZ Iluminación,,,
P-51,,"Negro, blanco, óxido, · metalizado bronce, metalizado cobre, · metalizado plata. (Todos pintura) · Incluye · Portalámparas E27",: alambre · 17cm. de alto x 16cm. de ancho,,Perfecta,MAZ Iluminación,,,
P-52,,"Negro, blanco, óxido, · metalizado bronce, metalizado cobre, · metalizado plata. (Todos pintura) · Incluye · Portalámparas E27",: alambre · 31cm. de alto x 30cm. de ancho,,Perfecta,MAZ Iluminación,,,
P-53,,"Negro, blanco u óxido · Incluye · Portalámparas E27",: hierro · 24cm. de profundidad x 20cm. de altura · 28cm. de diámetro de la pantalla,,Perfecta,MAZ Iluminación,,,
P-54,,"Negro, blanco o gris · Incluye · Portalámparas E27",: metal · 15cm. de diámetro x 20cm. de profundidad · 17cm. de altura de pantalla,,Perfecta,MAZ Iluminación,,,
P-55,,"Negro, blanco, óxido o gris · Incluye · Portalámparas E27",: metal · 42cm. de diámetro x 28cm. de altura,,Perfecta,MAZ Iluminación,,,
P-56,,"Negro, blanco, óxido, gris, amarillo o rojo · Incluye · Portalámparas E27",: metal · 30cm. de diámetro x 14cm. de altura,,Perfecta,MAZ Iluminación,,,
P-57,,"Negro, blanco, óxido o gris · Incluye · Portalámparas E27",: metal · 28cm. de diámetro x 21cm. de altura · 38cm. de diámetro x 23cm. de altura,,Perfecta,MAZ Iluminación,,,
P-58,,"Negro, blanco, óxido o gris · Incluye · Portalámparas E27",: metal · 28cm. de diámetro x 21cm. de altura · 38cm. de diámetro x 23cm. de altura,,Perfecta,MAZ Iluminación,,,
P-59,,"Negro, blanco, óxido, · gris, rojo, amarillo, o cobre. · Consultar por mas colores · Incluye · Portalámparas E27",: metal · 17cm. de alto x 15cm. de diámetro,,Perfecta,MAZ Iluminación,,,
P-60,,"Negro, blanco u óxido · Incluye · Portalámparas E27",: metal · 33cm. de profundidad x 28cm. de altura · 22cm. de diámetro de la pantalla,,Perfecta,MAZ Iluminación,,,
P-61,,"Negro, blanco o gris · Incluye · Portalámparas E27",: metal · 15cm. de diámetro x 20cm. de profundidad · 17cm. de altura de pantalla,,Perfecta,MAZ Iluminación,,,
P-62,37cm. de diámetro x 19cm. de altura,"Metal · Negro exterior, blanco interior · Incluye · 1 portalámparas E27",,,Perfecta,MAZ Iluminación,,,
P-63,60cm. de diámetro x 30cm. de profundidad · 80cm. de diámetro x 40cm. de profundidad · 1mt. de diámetro x 50cm. de profundidad · Bajada con cable y tensor de 1.50mts.,"Negro con interior bronce, cobre o blanco · Blanco con interior bronce, cobre o blanco integro · Consultar por más combinaciones · Incluye · 1 portalámparas E27 en version de 60cms · 3 portalámparas E27 en 80cms o 1mt. · Florón de 12cm. de diámetro",,,Perfecta,MAZ Iluminación,,,
P-64,60cm. de diámetro x 30cm. de profundidad · 80cm. de diámetro x 40cm. de profundidad · 1mt. de diámetro x 50cm. de profundidad · Bajada con cable y tensor de 1.50mts.,"Negro con interior bronce, cobre o blanco · Blanco con interior bronce, cobre o blanco integro · Consultar por más combinaciones · Incluye · 1 portalámparas E27 en version de 60cms · 3 portalámparas E27 en 80cms o 1mt. · Florón de 12cm. de diámetro",,,Perfecta,MAZ Iluminación,,,
P-65,Opción 40cm. de diámetro y 2 luces · Opción 60cm. de diámetro y 4 luces · Opción 70cm. de diámetro y 4 luces · Opción 80cm. de diámetro y 4 luces · Opción 1mt. de diámetro y 6 luces,,"Resina blanca, marfil y cálido · Incluye · Portalámparas E27",,Perfecta,MAZ Iluminación,,,
P-66,Opción 40cm. de diámetro y 2 luces · Opción 60cm. de diámetro y 4 luces · Opción 70cm. de diámetro y 4 luces · Opción 80cm. de diámetro y 4 luces · Opción 1mt. de diámetro y 6 luces,,"Resina blanca, marfil y cálido · Incluye · Portalámparas E27",,Perfecta,MAZ Iluminación,,,
P-67,Opción 40cm. de diámetro y 2 luces · Opción 60cm. de diámetro y 4 luces · Opción 70cm. de diámetro y 4 luces · Opción 80cm. de diámetro y 4 luces · Opción 1mt. de diámetro y 6 luces,,"Resina blanca, marfil y cálido · Incluye · Portalámparas E27",,Perfecta,MAZ Iluminación,,,
P-68,Opción 40cm. de diámetro y 2 luces · Opción 60cm. de diámetro y 4 luces · Opción 70cm. de diámetro y 4 luces · Opción 80cm. de diámetro y 4 luces · Opción 1mt. de diámetro y 6 luces,,"Resina blanca, marfil y cálido · Incluye · Portalámparas E27",,Perfecta,MAZ Iluminación,,,
P-69,Opción 1mt. x 30cm. (8 velas chicas + 2 velas grandes) · Opción 1.20mts. x 30cm. (10 velas chicas + 3 velas grandes) · Opción 1.40mts. x 30cm. (12 velas chicas + 4 velas grandes),,Hierro y resina · Incluye · Velas pequeñas con portalámparas E27 · Velas grandes con zócalo GU10,,Perfecta,MAZ Iluminación,,,
P-70,Opción 1mt. x 30cm. (8 velas chicas + 2 velas grandes) · Opción 1.20mts. x 30cm. (10 velas chicas + 3 velas grandes) · Opción 1.40mts. x 30cm. (12 velas chicas + 4 velas grandes),,Hierro y resina · Incluye · Velas pequeñas con portalámparas E27 · Velas grandes con zócalo GU10,,Perfecta,MAZ Iluminación,,,
P-71,Opción 1mt. x 30cm. (8 velas chicas + 2 velas grandes) · Opción 1.20mts. x 30cm. (10 velas chicas + 3 velas grandes) · Opción 1.40mts. x 30cm. (12 velas chicas + 4 velas grandes),,Hierro y resina · Incluye · Velas pequeñas con portalámparas E27 · Velas grandes con zócalo GU10,,Perfecta,MAZ Iluminación,,,
P-72,"60cm. de ancho x 60cm. de ancho · Caño de bajada de 60cm., florón 12cm. de diámetro",(,": hierro y bronce) · Negro con terminaciones en bronce, níquel o cobre · Incluye · 8 portalámparas E27",,Perfecta,MAZ Iluminación,,,
P-73,45cm. de diámetro sin los focos · Bajada con caño de 50cm.,"Negro, blanco u óxido · Baño: cobre, bronce o cromo · Incluye · 12 portalámparas E27 · Florón de 12cm. de diámetro",,,Perfecta,MAZ Iluminación,,,
P-74,45cm. de diámetro sin los focos · Bajada con caño de 50cm.,"Negro, blanco u óxido · Baño: cobre, bronce o cromo · Incluye · 12 portalámparas E27 · Florón de 12cm. de diámetro",,,Perfecta,MAZ Iluminación,,,
P-75,,Negro con dorado o plateado · Plateado con blanco · Consultar por otras combinaciones · Incluye · 4 zócalos G9 · Elctricidad 220W,: hierro · 40cm. de altura x 20cm. de ancho,,Perfecta,MAZ Iluminación,,,
P-76,"70cm. de largo x 8cm. de diámetro · Bajada por cable y tensor, florón de 12cm. de diámetro","Negro o blanco exterior · Interior en bronce, cobre o blanco · Consultar por otras combinaciones · Incluye · 2 zócalos G9 · (Precio por unidad)",,,Perfecta,MAZ Iluminación,,,
P-77,,"Negro o blanco exterior · Interior bronce, cobre o blanco · Consultar por otras combinaciones · Incluye · 2 zócalos G9",: hierro · 53cm. de largo x 8cm. de diámetro · Florón de 12cm. de diámetro,,Perfecta,MAZ Iluminación,,,
P-78,,Negro con dorado o plateado · Plateado con blanco · Consultar por otras combinaciones · Incluye · 4 zócalos G9 · Elctricidad 220W. No incluye focos,: hierro · 57cm. de largo x 16cm. de ancho · Base de 37cm. x 13cm.,,Perfecta,MAZ Iluminación,,,
P-79,,Negro con dorado o plateado · Plateado con blanco · Consultar por otras combinaciones · Incluye · 6 zócalos G9 · Elctricidad 220W. No incluye focos,: hierro · Base de 57cm. x 24cm.,,Perfecta,MAZ Iluminación,,,
P-80,,Parte inferior: negro y blanco. Madera: lenga y habano · Incluye · Portalámparas E27,": madera de lenga o habano y pvc, detalles en cuero · Florón de 12cm. de diámetro, bajada de cable de 1.5mts. · Chico: 53cm. de alto x 11cm. de diámetro · Grande: 62cm. de alto x 16cm. de diámetro",,Perfecta,MAZ Iluminación,,,
P-81,,Parte inferior: negro y blanco. Madera: lenga y habano · Incluye · Portalámparas E27,": madera de lenga o habano y pvc, detalles en cuero · Florón de 12cm. de diámetro, bajada de cable de 1.5mts. · Chico: 53cm. de alto x 11cm. de diámetro · Grande: 62cm. de alto x 16cm. de diámetro",,Perfecta,MAZ Iluminación,,,
P-82,"80cm. de largo sin las tulipas, 1.10mts. con las tulipas · Liston de 80cm. de largo x 5cm. de ancho · Bajada con cable y tensor","Negro, blanco u óxido · Baño: cobre, bronce o cromo · Incluye · Tulipas de 15cm. o de 18cm. transparentes u · opales",,,Perfecta,MAZ Iluminación,,,
P-83,"80cm. de largo sin las tulipas, 1.10mts. con las tulipas · Liston de 80cm. de largo x 5cm. de ancho · Bajada con cable y tensor","Negro, blanco u óxido · Baño: cobre, bronce o cromo · Incluye · Tulipas de 15cm. o de 18cm. transparentes u · opales",,,Perfecta,MAZ Iluminación,,,
P-84,1.5mts. o 1.8mts. de largo · Ménsula de 80cm. de largo y la base de 60cm. · 14cm. de diámetro en la pantalla,Negro o blanco con detalles en cromo · Incluye · 1 portalámparas E27,,,Perfecta,MAZ Iluminación,,,
P-85,1.5mts. o 1.8mts. de largo · Ménsula de 80cm. de largo y la base de 60cm. · 14cm. de diámetro en la pantalla,Negro o blanco con detalles en cromo · Incluye · 1 portalámparas E27,,,Perfecta,MAZ Iluminación,,,
P-86,"120cm. de largo x 14,5cm. (diámetro de · pantalla) · Lleva un caño extendible de 40cm. hasta 60cm. · Florón de 12cm. de diámetro",Negro o blanco · Incluye · 1 portalámparas E27,,,Perfecta,MAZ Iluminación,,,
P-87,"120cm. de largo x 14,5cm. (diámetro de · pantalla) · Florón de 28cm. de diámetro · Lleva un caño extendible de 40cm. hasta 60cm.",Negro o blanco · Incluye · 2 portalámparas E27,,,Perfecta,MAZ Iluminación,,,
P-88,,"Negro, blanco u óxido · Consultar por colores especiales · Incluye · Tira de led de 1,20mts. · 240 led por metro",": madera de lenga y metal · 1.40mts. de largo y 12cm. de ancho · Bajada con cable y tensor, florón de 12cm. de diámetro",,Perfecta,MAZ Iluminación,,,
P-89,90cm. de largo · Bajada total de 1.50mts. de cable,"Negro, blanco u óxido · Baño: cobre, bronce o cromo · Incluye · 4 tulipas de 15cm. o de 18cm. transparentes · u opales",,,Perfecta,MAZ Iluminación,,,
P-90,90cm. de largo · Bajada total de 1.50mts. de cable,"Negro, blanco u óxido · Baño: cobre, bronce o cromo · Incluye · 4 tulipas de 15cm. o de 18cm. transparentes · u opales",,,Perfecta,MAZ Iluminación,,,
P-91,,"Negro, blanco u óxido · Baño: cobre, bronce o cromo · Incluye · Portalámparas E27",: metal · 40cm. de altura x 19cm. de profundidad,,Perfecta,MAZ Iluminación,,,
P-92,,"Negro, blanco u óxido · Baño: cobre, bronce o cromo · Incluye · Portalámparas E27",: metal · 40cm. de altura x 19cm. de profundidad,,Perfecta,MAZ Iluminación,,,
P-93,,"Negro, blanco u óxido · Baño: cobre, bronce o cromo · Incluye · Portalámparas E27",: metal · 40cm. de altura x 19cm. de profundidad,,Perfecta,MAZ Iluminación,,,
P-94,,Negro íntegro con detalles en bronce o cobre · Incluye · Portalámparas E27 · Pantalla de vidrio,: metal · Extención de brazo de 57cm. de largo · Diámetro de pantalla de 15cm.,,Perfecta,MAZ Iluminación,,,
P-95,,Negro íntegro con detalles en bronce o cobre · Incluye · Portalámparas E27 · Pantalla de vidrio,: metal · Extención de brazo de 57cm. de largo · Diámetro de pantalla de 15cm.,,Perfecta,MAZ Iluminación,,,
P-96,"Caño de 25cm. de largo · Bajada con cable y tensor, florón 12cm. de diámetro","Negro, blanco u óxido · Baño: cobre, bronce o cromo · Incluye · Portalámparas E27 · Tulipas de 15cm. transparente u opal",,,Perfecta,MAZ Iluminación,,,
P-97,"Caño de 25cm. de largo · Bajada con cable y tensor, florón 12cm. de diámetro","Negro, blanco u óxido · Baño: cobre, bronce o cromo · Incluye · Portalámparas E27 · Tulipas de 15cm. transparente u opal",,,Perfecta,MAZ Iluminación,,,
P-98,"Caño de 30cm. de largo · Bajada con cable y tensor, florón 12cm. de diámetro","Negro, blanco u óxido · Baño: cobre, bronce o cromo · Incluye · Portalámparas E27 · Tulipas de 18cm. transparente u opal",,,Perfecta,MAZ Iluminación,,,
P-99,"Caño de 30cm. de largo · Bajada con cable y tensor, florón 12cm. de diámetro","Negro, blanco u óxido · Baño: cobre, bronce o cromo · Incluye · Portalámparas E27 · Tulipas de 18cm. transparente u opal",,,Perfecta,MAZ Iluminación,,,
P-100,"Caño de 30cm. de largo · Bajada con cable y tensor, florón 12cm. de diámetro","Negro, blanco u óxido · Baño: cobre, bronce o cromo · Incluye · Portalámparas E27 · Tulipas de 30cm. transparente u opal",,,Perfecta,MAZ Iluminación,,,
P-101,"Caño de 30cm. de largo · Bajada con cable y tensor, florón 12cm. de diámetro","Negro, blanco u óxido · Baño: cobre, bronce o cromo · Incluye · Portalámparas E27 · Tulipas de 30cm. transparente u opal",,,Perfecta,MAZ Iluminación,,,
P-102,Caño de 73cm. de altura x 85cm. de ancho · Bajada mediante cable y tensor con tulipas de 15cm. · transparentes u opal (mismo valor),"Negro, blanco u óxido · Baño: cobre, bronce o cromo · Incluye · 6 portalámparas E27. Electricidad 220w · Florón de 12cm. de diámetro",,,Perfecta,MAZ Iluminación,,,
P-103,Caño de 73cm. de altura x 85cm. de ancho · Bajada mediante cable y tensor con tulipas de 15cm. · transparentes u opal (mismo valor),"Negro, blanco u óxido · Baño: cobre, bronce o cromo · Incluye · 6 portalámparas E27. Electricidad 220w · Florón de 12cm. de diámetro",,,Perfecta,MAZ Iluminación,,,
P-104,"85cm. de diámetro x 70cm. de altura (con tulipas incluídas) · Caño de bajada de 60cm., florón 12cm. de diámetro","Negro con terminaciones en bronce o cobre · Baño: bronce, cobre o cromo · Incluye · 8 portalámparas E27 · Tulipas de 15cm. de diámetro opal o transparentes · CONSULTAR POR MODELO CON 16 TULIPAS",,,Perfecta,MAZ Iluminación,,,
P-105,"85cm. de diámetro x 70cm. de altura (con tulipas incluídas) · Caño de bajada de 60cm., florón 12cm. de diámetro","Negro con terminaciones en bronce o cobre · Baño: bronce, cobre o cromo · Incluye · 8 portalámparas E27 · Tulipas de 15cm. de diámetro opal o transparentes · CONSULTAR POR MODELO CON 16 TULIPAS",,,Perfecta,MAZ Iluminación,,,
P-106,"Diámetro de la base de 26cm. · Caño de 65cm. y 75cm. de largo, con movimiento","Negro, blanco u óxido · Baño: cobre, bronce o cromo · Incluye · Portalámparas E27 · Tulipas de 15cm. o 18cm. transparente u opal",,,Perfecta,MAZ Iluminación,,,
P-107,"Diámetro de la base de 26cm. · Caño de 65cm. y 75cm. de largo, con movimiento","Negro, blanco u óxido · Baño: cobre, bronce o cromo · Incluye · Portalámparas E27 · Tulipas de 15cm. o 18cm. transparente u opal",,,Perfecta,MAZ Iluminación,,,
P-108,1.60mts. de largo · Diametro de la base de 30cm.,"Negro, blanco u óxido · Baño: cobre, bronce o cromo · Incluye · 4 tulipas de 15cm. o de 18cm. transparentes · u opales",,,Perfecta,MAZ Iluminación,,,
P-109,1.60mts. de largo · Diametro de la base de 30cm.,"Negro, blanco u óxido · Baño: cobre, bronce o cromo · Incluye · 4 tulipas de 15cm. o de 18cm. transparentes · u opales",,,Perfecta,MAZ Iluminación,,,
P-110,Barra de 1.20mts. o 1.40mts. 2 tulipas en 1.2mt y 3 tulipas en · 1.4mt. · Macetero de 24cm. de diámetro x 12cm. de profundidad · Bajada por cable y tensor,Negro o blanco · Incluye · Portalámparas E27 y dicroica · Tulipa de 18cm. opal o transparente,,,Perfecta,MAZ Iluminación,,,
P-111,Barra de 1.20mts. o 1.40mts. 2 tulipas en 1.2mt y 3 tulipas en · 1.4mt. · Macetero de 24cm. de diámetro x 12cm. de profundidad · Bajada por cable y tensor,Negro o blanco · Incluye · Portalámparas E27 y dicroica · Tulipa de 18cm. opal o transparente,,,Perfecta,MAZ Iluminación,,,
P-112,,,: madera KIRI · 1.47mts. de largo (para tubo de 1.20mts.) y · 14cm. de ancho · Florón de 12cm. de diámetro · Electricidad 220W,,Perfecta,MAZ Iluminación,,,
P-113,Tira de cuero de 1.50mts. doblada en dos · Aro metálico de 33cm. de diámetro. · Altura total de 80cm. desde el inicio de la tira hasta el final de · la tulipa. Bajada de cable de 1.50mts.,"Negro, blanco u óxido · Baño: cobre, bronce o cromo · Incluye · Portalámparas E27 · Tulipa de 30cm. opal · Florón de 12cm. de diámetro",,,Perfecta,MAZ Iluminación,,,
P-114,"Altura de 160cm. regulable, distintas posiciones · Diámetro de la pantalla de 22cm.","Negro, blanco u óxido · Incluye · 1 portalámparas E27",,,Perfecta,MAZ Iluminación,,,
P-115,,"Negro, blanco u óxido · Baño: cobre, bronce o cromo · Incluye · Portalámparas E27 · Tulipas de 15cm. o 18cm. transparente u opal",: metal · Caño de 17cm. de largo,,Perfecta,MAZ Iluminación,,,
P-116,,"Negro, blanco u óxido · Baño: cobre, bronce o cromo · Incluye · Portalámparas E27 · Tulipas de 15cm. o 18cm. transparente u opal",: metal · Caño de 17cm. de largo,,Perfecta,MAZ Iluminación,,,
P-117,,"Negro, blanco u óxido · Baño: cobre, bronce o cromo · Incluye · Portalámparas E27 · Tulipas de 15cm. o 18cm. transparente u opal",: metal · Caño de 17cm. de largo,,Perfecta,MAZ Iluminación,,,
P-118,,"Negro, blanco u óxido · Baño: cobre, bronce o cromo · Incluye · Portalámparas E27 · Tulipas de 15cm. transparente u opal",: metal · 24cm. de largo sin contar la tulipa x 39cm. de largo · contando la medida de la tulipa · 24cm. de profundidad total contando la medida de la · tulipa,,Perfecta,MAZ Iluminación,,,
P-119,,"Negro, blanco u óxido · Baño: cobre, bronce o cromo · Incluye · Portalámparas E27 · Tulipas de 15cm. transparente u opal",: metal · 24cm. de largo sin contar la tulipa x 39cm. de largo · contando la medida de la tulipa · 24cm. de profundidad total contando la medida de la · tulipa,,Perfecta,MAZ Iluminación,,,
P-120,,"Negro, blanco u óxido · Baño: cobre, bronce o cromo · Incluye · Portalámparas E27 · Tulipas de 15cm. transparente u opal",: metal · 24cm. de largo sin contar la tulipa x 39cm. de largo · contando la medida de la tulipa · 24cm. de profundidad total contando la medida de la · tulipa,,Perfecta,MAZ Iluminación,,,
P-121,,Negro o blanco con detalles en baño · Incluye · Portalámparas E27 · Pantalla de vidrio,: hierro · Diámetro de la pantalla: 17cm. o 23cm.,,Perfecta,MAZ Iluminación,,,
P-122,,"Negro, blanco u óxido · Baño: cobre, bronce o cromo · Incluye · Portalámparas E27 · Tulipas de 15cm. transparentes u opales",: metal · 40cm. de altura x 19cm. de profundidad,,Perfecta,MAZ Iluminación,,,
P-123,,"Negro, blanco u óxido · Baño: cobre, bronce o cromo · Incluye · Portalámparas E27 · Tulipas de 15cm. transparentes u opales",: metal · 40cm. de altura x 19cm. de profundidad,,Perfecta,MAZ Iluminación,,,
P-124,"1mt. de largo x 80cm. de profundidad · Bajada de caño de 60cm., tulipas de 15cm. transparente u opal","Negro íntegro, blanco u óxido · Negro con terminaciones en bronce, cromo o cobre · Baño: bronce, cromo o cobre · Incluye · 6 portalámparas E27. Electricidad 220w · Florón de 12cm. de diámetro",,,Perfecta,MAZ Iluminación,,,
P-125,"1mt. de largo x 80cm. de profundidad · Bajada de caño de 60cm., tulipas de 15cm. transparente u opal","Negro íntegro, blanco u óxido · Negro con terminaciones en bronce, cromo o cobre · Baño: bronce, cromo o cobre · Incluye · 6 portalámparas E27. Electricidad 220w · Florón de 12cm. de diámetro",,,Perfecta,MAZ Iluminación,,,
P-126,"1mt. de largo x 80cm. de profundidad · Bajada de caño de 60cm., tulipas de 15cm. transparente u opal","Negro íntegro, blanco u óxido · Negro con terminaciones en bronce, cromo o cobre · Baño: bronce, cromo o cobre · Incluye · 6 portalámparas E27. Electricidad 220w · Florón de 12cm. de diámetro",,,Perfecta,MAZ Iluminación,,,
P-129,"Barra de 80cm. de largo sin tulipas, 1.10mts. con las tulipas · Bajada con cable y tensor","Negro, blanco u óxido · Baño: cobre, bronce o cromo · Incluye · 8 portalámparas E27 · Tulipas de 15cm. transparente u opal · 1 Florón de 12 cm. de diámetro y 1 pitón de techo",,,Perfecta,MAZ Iluminación,,,
P-130,"Barra de 80cm. de largo sin tulipas, 1.10mts. con las tulipas · Bajada con cable y tensor","Negro, blanco u óxido · Baño: cobre, bronce o cromo · Incluye · 8 portalámparas E27 · Tulipas de 15cm. transparente u opal · 1 Florón de 12 cm. de diámetro y 1 pitón de techo",,,Perfecta,MAZ Iluminación,,,
P-131,"Barra de 80cm. de largo, separación de 25cm. entre cada · tulipa · Bajada con cable y tensor regulable","Negro, blanco u óxido · Baño: cobre, bronce o cromo · Incluye · 3 portalámparas E27 · Tulipas de 15cm. transparente u opal · 1 florón de 12cm. de diámetro y pitón de · techo",,,Perfecta,MAZ Iluminación,,,
P-132,"Barra de 80cm. de largo, separación de 25cm. entre cada · tulipa · Bajada con cable y tensor regulable","Negro, blanco u óxido · Baño: cobre, bronce o cromo · Incluye · 3 portalámparas E27 · Tulipas de 15cm. transparente u opal · 1 florón de 12cm. de diámetro y pitón de · techo",,,Perfecta,MAZ Iluminación,,,
P-133,"Barra de 1.10mts. de largo sin tulipas, 1.30mts con las tulipas · Bajada con cable y tensor","Negro, blanco u óxido · Baño: cobre, bronce o cromo · Incluye · 10 Zócalos G9 · Tulipas de 10cm. opal · 2 florones de 12cm. de diámetro",,,Perfecta,MAZ Iluminación,,,
P-134,"Barra de 1.10mts. de largo sin tulipas, 1.30mts con las tulipas · Bajada con cable y tensor","Negro, blanco u óxido · Baño: cobre, bronce o cromo · Incluye · 10 Zócalos G9 · Tulipas de 10cm. opal · 2 florones de 12cm. de diámetro",,,Perfecta,MAZ Iluminación,,,
P-135,20cm. de ancho y 40cm. de largo · Bajada con cable,"Negro, blanco u óxido · Baño: cobre, bronce o cromo · Incluye · Portalámparas E27 · Tulipa de 15cm. opal o transparente",,,Perfecta,MAZ Iluminación,,,
P-136,20cm. de ancho y 40cm. de largo · Bajada con cable,"Negro, blanco u óxido · Baño: cobre, bronce o cromo · Incluye · Portalámparas E27 · Tulipa de 15cm. opal o transparente",,,Perfecta,MAZ Iluminación,,,
P-137,,"Negro, blanco u óxido · Baño: cobre, bronce o cromo · Incluye · Portalámparas E27 o G9 · Tulipas de 10cm. o 15cm. transparentes u opales",: metal · 40cm. de altura x 30cm. de ancho x 10cm. de profundidad,,Perfecta,MAZ Iluminación,,,
P-138,,"Negro, blanco u óxido · Baño: cobre, bronce o cromo · Incluye · Portalámparas E27 o G9 · Tulipas de 10cm. o 15cm. transparentes u opales",: metal · 40cm. de altura x 30cm. de ancho x 10cm. de profundidad,,Perfecta,MAZ Iluminación,,,
P-139,Altura total de 94cm. (con la tulipa) y 33cm. de ancho · Aro metálico de 33cm. de diámetro · Florón de 12cm. de diámetro,"Negro, blanco u óxido · Baño: cobre, bronce o cromo · Incluye · Portalámparas E27 · Tulipa de 30cm. opal o transparente",,,Perfecta,MAZ Iluminación,,,
P-140,Altura total de 94cm. (con la tulipa) y 33cm. de ancho · Aro metálico de 33cm. de diámetro · Florón de 12cm. de diámetro,"Negro, blanco u óxido · Baño: cobre, bronce o cromo · Incluye · Portalámparas E27 · Tulipa de 30cm. opal o transparente",,,Perfecta,MAZ Iluminación,,,
P-141,30cm. de diámetro · Bajada con cable,"Negro, blanco u óxido · Baño: cobre, bronce o cromo · Incluye · Portalámparas E27 · Tulipa de 15cm. opal o transparente",,,Perfecta,MAZ Iluminación,,,
P-142,30cm. de diámetro · Bajada con cable,"Negro, blanco u óxido · Baño: cobre, bronce o cromo · Incluye · Portalámparas E27 · Tulipa de 15cm. opal o transparente",,,Perfecta,MAZ Iluminación,,,
P-143,,"Negro, blanco u óxido · Incluye · Portalámparas E27 · Tulipas de 15cm. transparente u opal",: hierro · 30cm. de altura x 13cm. de profundidad,,Perfecta,MAZ Iluminación,,,
P-144,"Modelo plano: 60cm. de diámetro · Modelo curvo: 60cm. x 25cm. · Chapa de bronce, florón de 12cm. de diámetro","Bronce · Incluye · Portalámparas E27 · (Puede incluír tulipa de 15cm. opal, consultar)",,,Perfecta,MAZ Iluminación,,,
P-145,"Modelo plano: 60cm. de diámetro · Modelo curvo: 60cm. x 25cm. · Chapa de bronce, florón de 12cm. de diámetro","Bronce · Incluye · Portalámparas E27 · (Puede incluír tulipa de 15cm. opal, consultar)",,,Perfecta,MAZ Iluminación,,,
P-146,"Modelo plano: 80cm. de diámetro · Modelo curvo: 80cm. x 35cm. · Chapa de bronce, florón de 12cm. de diámetro","Bronce · Incluye · Portalámparas E27 · (Puede incluír tulipa de 18cm. opal, consultar)",,,Perfecta,MAZ Iluminación,,,
P-147,"Modelo plano: 80cm. de diámetro · Modelo curvo: 80cm. x 35cm. · Chapa de bronce, florón de 12cm. de diámetro","Bronce · Incluye · Portalámparas E27 · (Puede incluír tulipa de 18cm. opal, consultar)",,,Perfecta,MAZ Iluminación,,,
P-148,"Modelo plano: 1mt. de diámetro · Modelo curvo: 1mt. x 45cm. · Chapa de bronce, florón de 12cm. de diámetro","Bronce · Incluye · Portalámparas E27 · (Puede incluír tulipa de 18cm. opal, consultar)",,,Perfecta,MAZ Iluminación,,,
P-149,"Modelo plano: 1mt. de diámetro · Modelo curvo: 1mt. x 45cm. · Chapa de bronce, florón de 12cm. de diámetro","Bronce · Incluye · Portalámparas E27 · (Puede incluír tulipa de 18cm. opal, consultar)",,,Perfecta,MAZ Iluminación,,,
P-151,,"Negro, blanco u óxido · Baño: cobre, bronce o cromo · Incluye · Portalámparas E27",: hierro · 30cm. de diámetro,,Perfecta,MAZ Iluminación,,,
P-152,,"Negro, blanco u óxido · Baño: cobre, bronce o cromo · Incluye · Portalámparas E27",: hierro · 30cm. de diámetro,,Perfecta,MAZ Iluminación,,,
P-153,"1,90mts. de altura · Base de madera de 40cm. de diámetro · 85cm. del piso a la mesa",Negro o banco · Madera de lenga en color lustrado natural · o wengue teñida · Incluye · Tulipa de 15cm. transparente u opal,,,Perfecta,MAZ Iluminación,,,
P-154,,"Negro, blanco u óxido · Baño: cobre, bronce o cromo · Incluye · Portalámparas E27 · 2 tulipas de 15cm. transparentes u opales",": hierro · Base de 16cm. de diámetro, 50cm. de altura",,Perfecta,MAZ Iluminación,,,
P-155,,"Negro, blanco u óxido · Baño: cobre, bronce o cromo · Incluye · Portalámparas E27 · 2 tulipas de 15cm. transparentes u opales",": hierro · Base de 16cm. de diámetro, 50cm. de altura",,Perfecta,MAZ Iluminación,,,
P-156,,"Negro, blanco u óxido · Baño: cobre, bronce o cromo · Incluye · Portalámparas E27 · 2 tulipas de 15cm. transparentes u opales",": hierro · Base de 16cm. de diámetro, 50cm. de altura",,Perfecta,MAZ Iluminación,,,
P-157,,"Negro, blanco u óxido · Baño: cobre, bronce o cromo · Incluye · Portalámparas E27 · Tulipas de 15cm. transparente u opal",: metal · 40cm. de alto x 20cm. de ancho · Florón de 12cm. de diámetro · Distancia desde la pared hasta el frente de la tulipa de · 25cm. totales,,Perfecta,MAZ Iluminación,,,
P-158,,"Negro, blanco u óxido · Baño: cobre, bronce o cromo · Incluye · Portalámparas E27 · Tulipas de 15cm. transparente u opal",: metal · 40cm. de alto x 20cm. de ancho · Florón de 12cm. de diámetro · Distancia desde la pared hasta el frente de la tulipa de · 25cm. totales,,Perfecta,MAZ Iluminación,,,
P-159,Caño de 70cm. de largo y barral de 40cm. · Caño de 10cm. en la mitad hacia abajo,"Negro, blanco u óxido · Baño: cobre, bronce o cromo · Incluye · 3 Zócalos G9 · Tulipas de 10cm. opal o transparente",,,Perfecta,MAZ Iluminación,,,
P-160,Caño de 70cm. de largo y barral de 40cm. · Caño de 10cm. en la mitad hacia abajo,"Negro, blanco u óxido · Baño: cobre, bronce o cromo · Incluye · 3 Zócalos G9 · Tulipas de 10cm. opal o transparente",,,Perfecta,MAZ Iluminación,,,
P-161,,"Negro, blanco u óxido · Baño: cobre, bronce o cromo · Incluye · Portalámparas E27 · Tulipa de 15cm. transparente u opal",: hierro · 25cm. de profundidad x 25cm. de altura,,Perfecta,MAZ Iluminación,,,
P-162,,"Negro, blanco u óxido · Baño: cobre, bronce o cromo · Incluye · Portalámparas E27 · Tulipa de 15cm. transparente u opal",: hierro · 25cm. de profundidad x 25cm. de altura,,Perfecta,MAZ Iluminación,,,
P-163,60cm. de diámetro x 30cm. de profundidad · 80cm. de diámetro x 40cm. de profundidad · 1mt. de diámetro x 50cm. de profundidad · Bajada con cable y tensor de 1.50mts.,"Negro con interior bronce, cobre o blanco · Blanco con interior bronce, cobre o blanco integro · Consultar por más combinaciones · Incluye · 1 portalámparas E27 en version de 60cms · 3 portalámparas E27 en 80cms o 1mt. · Florón de 12cm. de diámetro",,,Perfecta,MAZ Iluminación,,,
P-165,"Caño superior de 25cm., caño inclinado de 20cm. · Altura total de 42cm. Bajada de 1,5mts. con cable","Negro, blanco u óxido · Baño: cobre, bronce o cromo · Incluye · Portalámparas E27 · Tulipa de 15cm. opal o transparente",,,Perfecta,MAZ Iluminación,,,
P-166,"Caño superior de 25cm., caño inclinado de 20cm. · Altura total de 42cm. Bajada de 1,5mts. con cable","Negro, blanco u óxido · Baño: cobre, bronce o cromo · Incluye · Portalámparas E27 · Tulipa de 15cm. opal o transparente",,,Perfecta,MAZ Iluminación,,,
P-168,Pantalla: 45 cm de diámetro.,"Blanco, negro, gris, ladrillo, verde seco o · beige. · Contrapeso bañado en bronce · Poleas torneadas en madera · Incluye · Tulipa opal de 18 cm. · Portalamparas E27",,,Perfecta,MAZ Iluminación,,,
P-169,Opción 40cm. de diámetro y 2 luces · Opción 60cm. de diámetro y 4 luces · Opción 70cm. de diámetro y 4 luces · Opción 80cm. de diámetro y 4 luces · Opción 1mt. de diámetro y 6 luces,,"Resina blanca, marfil y cálido · Incluye · Portalámparas E27",,Perfecta,MAZ Iluminación,,,
P-171,60cm. de diámetro y 40cm. de ancho,"Negro, blanco, gris o beige · Consultar por otras combinaciones","Resina + fibra de vidrio en armado intero, piedra en · exterior",,Perfecta,MAZ Iluminación,,,
P-173,20cm. de diámetro · Dsiponible en versión plafón de techo de 40cm.,"Negro con interior blanco, gris interior bronce, negro · interior bronce, blanco interior plata (consultar por otros · colores) · Incluye · Tulipa de 10cm. de diámetro opal o transparente · Zocalo G9 en modelo aplique · Tulipa de 15cm. de diametro opal o transparente · Portalampara E27 en modelo plafón",,,Perfecta,MAZ Iluminación,,,
P-174,20cm. de diámetro · Dsiponible en versión plafón de techo de 40cm.,"Negro con interior blanco, gris interior bronce, negro · interior bronce, blanco interior plata (consultar por otros · colores) · Incluye · Tulipa de 10cm. de diámetro opal o transparente · Zocalo G9 en modelo aplique · Tulipa de 15cm. de diametro opal o transparente · Portalampara E27 en modelo plafón",,,Perfecta,MAZ Iluminación,,,
P-175,30cm. de largo x 8cm. de diámetro · 2 zócalos G9,"Roble claro, peteribí y ébano",Enchapado en madera natural lustrada,,Perfecta,MAZ Iluminación,,,
P-176,30cm. de diámetro · 40cm. de diámetro · 60cm. de diámetro · TIRA LED 220,"Ladrillo, verde seco, negro, blanco, beige o gris con detalles · en bronce.",,,Perfecta,MAZ Iluminación,,,
P-177,30cm. de diámetro · 40cm. de diámetro · 60cm. de diámetro · TIRA LED 220,"Ladrillo, verde seco, negro, blanco, beige o gris con detalles · en bronce.",,,Perfecta,MAZ Iluminación,,,
P-178,30cm. de diámetro · 40cm. de diámetro · 60cm. de diámetro · TIRA LED 220,"Ladrillo, verde seco, negro, blanco, beige o gris con detalles · en bronce.",,,Perfecta,MAZ Iluminación,,,
P-179,30cm. de diámetro con 2 zócalos G9 · 40cm. de diámetro con 3 zócalos G9 · 60cm. de diámetro con 5 zócalos G9,"Ladrillo, verde seco, negro, blanco, beige o gris con detalles · en bronce. · Interior: Blanco",,,Perfecta,MAZ Iluminación,,,
P-180,30cm. de diámetro con 2 zócalos G9 · 40cm. de diámetro con 3 zócalos G9 · 60cm. de diámetro con 5 zócalos G9,"Ladrillo, verde seco, negro, blanco, beige o gris con detalles · en bronce. · Interior: Blanco",,,Perfecta,MAZ Iluminación,,,
P-181,30cm. de diámetro con 2 zócalos G9 · 40cm. de diámetro con 3 zócalos G9 · 60cm. de diámetro con 5 zócalos G9,"Ladrillo, verde seco, negro, blanco, beige o gris con detalles · en bronce. · Interior: Blanco",,,Perfecta,MAZ Iluminación,,,
P-184,37cm. de diámetro x 19cm. de altura,"Negro, blanco, beige, gris, con detalles en bronce · Interior: Blanco · Incluye · 3 zócalos G9.",,,Perfecta,MAZ Iluminación,,,
P-186,"Altura de 160cm. regulable, distintas posiciones · Diámetro de la pantalla de 22cm.","Negro, blanco u óxido · Incluye · 1 portalámparas E27",,,Perfecta,MAZ Iluminación,,,
P-187,"1.2mts. de ancho y bajada de 60cm. · Electricidad 220W, florón 12cm. de diámetro","Negro con terminaciones en bronce, cromo o cobre · Baño: cobre, bronce, níquel o cromo · Incluye · 16 portalámparas E27",,,Perfecta,MAZ Iluminación,,,
P-188,1.20mts o 1.60mts · Tira LED 220,"Roble claro, petiribí y ébano · Detalles en bronce",Enchapado en madera natural lustrada,,Perfecta,MAZ Iluminación,,,
P-193,,"Baño en bronce, cromo o cobre · Incluye · 2 zócalos G9",: hierro · 53cm. de largo x 8cm. de diámetro · Florón de 12cm. de diámetro,,Perfecta,MAZ Iluminación,,,
P-194,30cm. de diámetro con 2 zócalos G9 · 40cm. de diámetro con 3 zócalos G9 · 60cm. de diámetro con 5 zócalos G9,"Ladrillo, verde seco, negro, blanco, beige o gris con detalles · en bronce. · Interior: Blanco",,,Perfecta,MAZ Iluminación,,,
P-195,30cm. de diámetro con 2 zócalos G9 · 40cm. de diámetro con 3 zócalos G9 · 60cm. de diámetro con 5 zócalos G9,"Ladrillo, verde seco, negro, blanco, beige o gris con detalles · en bronce. · Interior: Blanco",,,Perfecta,MAZ Iluminación,,,
P-196,30cm. de diámetro con 2 zócalos G9 · 40cm. de diámetro con 3 zócalos G9 · 60cm. de diámetro con 5 zócalos G9,"Ladrillo, verde seco, negro, blanco, beige o gris con detalles · en bronce. · Interior: Blanco",,,Perfecta,MAZ Iluminación,,,
