sku,ean13,categoria,familia,color,control,potencia_w,corriente_a,flujo_lm,angulo,cct,ip,ubicacion,tension_v,medidas_mm,peso_g,garantia_anios,marca,proveedor,linea,precio_ars
RMS-1M-B,7428325586352,Riel,Riel Slim,Blanco,,,4.2A max,,,,20,Interior,DC48V,1000*25*5,380,3,Macroled,MAZ Iluminación,Skyline (riel magnético 48V),
RMS-1M-N,7428325586338,Riel,Riel Slim,Negro,,,4.2A max,,,,20,Interior,DC48V,1000*25*5,380,3,Macroled,MAZ Iluminación,Skyline (riel magnético 48V),
RMS-2M-BCO,7428325597341,Riel,Riel Slim,Blanco,,,4.2A max,,,,20,Interior,DC48V,2000*25*5,740,3,Macroled,MAZ Iluminación,Skyline (riel magnético 48V),
RMS-2M-NEG,7428325597365,Riel,Riel Slim,Negro,,,4.2A max,,,,20,Interior,DC48V,2000*25*5,740,3,Macroled,MAZ Iluminación,Skyline (riel magnético 48V),
RMS-3M-BCO,7428325597396,Riel,Riel Slim,Blanco,,,4.2A max,,,,20,Interior,DC48V,3000*25*5,1120,3,Macroled,MAZ Iluminación,Skyline (riel magnético 48V),
RMS-3M-NEG,7428325597334,Riel,Riel Slim,Negro,,,4.2A max,,,,20,Interior,DC48V,3000*25*5,1120,3,Macroled,MAZ Iluminación,Skyline (riel magnético 48V),
RMS-E-1M,7428325586499,Riel,Riel Embutir,Negro,,,4.2A max,,,,20,Interior,DC48V,1000*65*30,700,3,Macroled,MAZ Iluminación,Skyline (riel magnético 48V),
RMS-E-2M,7428325586505,Riel,Riel Embutir,Negro,,,4.2A max,,,,20,Interior,DC48V,2000*65*30,1360,3,Macroled,MAZ Iluminación,Skyline (riel magnético 48V),
RMS-E-3M,7428325586895,Riel,Riel Embutir,Negro,,,4.2A max,,,,20,Interior,DC48V,3000*65*30,1900,3,Macroled,MAZ Iluminación,Skyline (riel magnético 48V),
RMS-S-1M,7428325586512,Riel,Riel Bold,Negro,,,4.2A max,,,,20,Interior,DC48V,1000*30*80,1400,3,Macroled,MAZ Iluminación,Skyline (riel magnético 48V),
RMS-S-2M,7428325586529,Riel,Riel Bold,Negro,,,4.2A max,,,,20,Interior,DC48V,2000*30*80,1800,3,Macroled,MAZ Iluminación,Skyline (riel magnético 48V),
RMS-S-3M,7428325586901,Riel,Riel Bold,Negro,,,4.2A max,,,,20,Interior,DC48V,3000*30*80,3800,3,Macroled,MAZ Iluminación,Skyline (riel magnético 48V),
RMS-CLV-B,7428325586468,Acople/Conductor,L Vertical (Slim),Blanco,,,,,,,20,Interior,DC48V,,,3,Macroled,MAZ Iluminación,Skyline (riel magnético 48V),
RMS-CLV-N,7428325586451,Acople/Conductor,L Vertical (Slim),Negro,,,,,,,20,Interior,DC48V,,,3,Macroled,MAZ Iluminación,Skyline (riel magnético 48V),
RMS-CT-B,7428325586420,Acople/Conductor,T Recto (Slim),Blanco,,,,,,,20,Interior,DC48V,,,3,Macroled,MAZ Iluminación,Skyline (riel magnético 48V),
RMS-CT-N,7428325586413,Acople/Conductor,T Recto (Slim),Negro,,,,,,,20,Interior,DC48V,,,3,Macroled,MAZ Iluminación,Skyline (riel magnético 48V),
RMS-CX-B,7428325586444,Acople/Conductor,X Curvo (Slim),Blanco,,,,,,,20,Interior,DC48V,,,3,Macroled,MAZ Iluminación,Skyline (riel magnético 48V),
RMS-CX-N,7428325586437,Acople/Conductor,X Curvo (Slim),Negro,,,,,,,20,Interior,DC48V,,,3,Macroled,MAZ Iluminación,Skyline (riel magnético 48V),
RMS-CPR-B,7428325586482,Acople/Conductor,Prolongador Recto (Slim),Blanco,,,,,,,20,Interior,DC48V,,,3,Macroled,MAZ Iluminación,Skyline (riel magnético 48V),
RMS-CPR-N,7428325586475,Acople/Conductor,Prolongador Recto (Slim),Negro,,,,,,,20,Interior,DC48V,,,3,Macroled,MAZ Iluminación,Skyline (riel magnético 48V),
RMS-CLR-B,7428325586383,Acople/Conductor,L Recto (Slim),Blanco,,,,,,,20,Interior,DC48V,,,3,Macroled,MAZ Iluminación,Skyline (riel magnético 48V),
RMS-CLR-N,7428325586376,Acople/Conductor,L Recto (Slim),Negro,,,,,,,20,Interior,DC48V,,,3,Macroled,MAZ Iluminación,Skyline (riel magnético 48V),
RMS-CLC-B,7428325586406,Acople/Conductor,L Curvo (Slim),Blanco,,,,,,,20,Interior,DC48V,,,3,Macroled,MAZ Iluminación,Skyline (riel magnético 48V),
RMS-CLC-N,7428325586390,Acople/Conductor,L Curvo (Slim),Negro,,,,,,,20,Interior,DC48V,,,3,Macroled,MAZ Iluminación,Skyline (riel magnético 48V),
RMS-CLV-E,7428325586574,Acople/Conductor,L Vertical (Embutir),Negro,,,,,,,20,Interior,DC48V,,,3,Macroled,MAZ Iluminación,Skyline (riel magnético 48V),
RMS-CT-E,7428325586918,Acople/Conductor,T (Embutir),Negro,,,,,,,20,Interior,DC48V,,,3,Macroled,MAZ Iluminación,Skyline (riel magnético 48V),
RMS-CX-E,7428325586925,Acople/Conductor,X (Embutir),Negro,,,,,,,20,Interior,DC48V,,,3,Macroled,MAZ Iluminación,Skyline (riel magnético 48V),
RMS-CL-E,7428325586550,Acople/Conductor,L (Embutir),Negro,,,,,,,20,Interior,DC48V,,,3,Macroled,MAZ Iluminación,Skyline (riel magnético 48V),
RMS-AR-E,7428325586536,Acople/Conductor,Acoplador Rieles (Embutir),Negro,,,,,,,20,Interior,DC48V,,,3,Macroled,MAZ Iluminación,Skyline (riel magnético 48V),
RMS-ELI-E-S,7428325586581,Acople/Conductor,Conductor I (Embutir/Bold),Negro,,,,,,,20,Interior,DC48V,,,3,Macroled,MAZ Iluminación,Skyline (riel magnético 48V),
RMS-ETLL-E-S,7428325586598,Acople/Conductor,Conductor L (Embutir/Bold),Negro,,,,,,,20,Interior,DC48V,,,3,Macroled,MAZ Iluminación,Skyline (riel magnético 48V),
RMS-ETLT-E-S,7428325586604,Acople/Conductor,Conductor T (Embutir/Bold),Negro,,,,,,,20,Interior,DC48V,,,3,Macroled,MAZ Iluminación,Skyline (riel magnético 48V),
RMS-ETLX-E-S,7428325586611,Acople/Conductor,Conductor X (Embutir/Bold),Negro,,,,,,,20,Interior,DC48V,,,3,Macroled,MAZ Iluminación,Skyline (riel magnético 48V),
RMS-AR-S,7428325586543,Acople/Conductor,Acoplador (Bold),Negro,,,,,,,20,Interior,DC48V,,,3,Macroled,MAZ Iluminación,Skyline (riel magnético 48V),
RMS-CL-S,7428325586543,Acople/Conductor,Conector Tipo L (Bold),Negro,,,,,,,20,Interior,DC48V,,,3,Macroled,MAZ Iluminación,Skyline (riel magnético 48V),
RMS-S-S,7428325586628,Acople/Conductor,Kit Suspender (Bold),Negro,,,,,,,20,Interior,DC48V,,,3,Macroled,MAZ Iluminación,Skyline (riel magnético 48V),
RMS-A-S,7428325593770,Acople/Conductor,Kit Aplicar (Bold),Negro,,,,,,,20,Interior,DC48V,,,3,Macroled,MAZ Iluminación,Skyline (riel magnético 48V),
RMS-CD114-B-6W-WW,7428325584891,Módulo lineal,Módulo Difuso,Blanco,Dimeable,6W,1.13A,240,90°,2200K (cálida),20,Interior,DC48V,114.5*25*27.5,75,3,Macroled,MAZ Iluminación,Skyline (riel magnético 48V),
RMS-S-CD114-B-6W,7428325585874,Módulo lineal,Módulo Difuso,Blanco,Smart,6W,1.13A,240,90°,2000-5000K (dinámico),20,Interior,DC48V,114.5*25*27.5,75,3,Macroled,MAZ Iluminación,Skyline (riel magnético 48V),
RMS-CD222-B-12W-WW,7428325584907,Módulo lineal,Módulo Difuso,Blanco,Dimeable,12W,0.25A,500,90°,2200K (cálida),20,Interior,DC48V,222.3*25*27.5,133,3,Macroled,MAZ Iluminación,Skyline (riel magnético 48V),
RMS-S-CD222-B-12W,7428325585881,Módulo lineal,Módulo Difuso,Blanco,Smart,12W,0.25A,500,90°,2000-5000K (dinámico),20,Interior,DC48V,222.3*25*27.5,133,3,Macroled,MAZ Iluminación,Skyline (riel magnético 48V),
RMS-CD330-B-16W-WW,7428325584914,Módulo lineal,Módulo Difuso,Blanco,Dimeable,16W,0.37A,640,90°,2200K (cálida),20,Interior,DC48V,330*25*27.5,200,3,Macroled,MAZ Iluminación,Skyline (riel magnético 48V),
RMS-S-CD330-B-16W,7428325585898,Módulo lineal,Módulo Difuso,Blanco,Smart,16W,0.37A,640,90°,2000-5000K (dinámico),20,Interior,DC48V,330*25*27.5,200,3,Macroled,MAZ Iluminación,Skyline (riel magnético 48V),
RMS-CD114-N-6W-WW,7428325584297,Módulo lineal,Módulo Difuso,Negro,Dimeable,6W,1.13A,240,90°,2200K (cálida),20,Interior,DC48V,114.5*25*27.5,75,3,Macroled,MAZ Iluminación,Skyline (riel magnético 48V),
RMS-S-CD114-N-6W,7428325585416,Módulo lineal,Módulo Difuso,Negro,Smart,6W,1.13A,240,90°,2000-5000K (dinámico),20,Interior,DC48V,114.5*25*27.5,75,3,Macroled,MAZ Iluminación,Skyline (riel magnético 48V),
RMS-CD222-N-12W-WW,7428325584303,Módulo lineal,Módulo Difuso,Negro,Dimeable,12W,0.25A,500,90°,2200K (cálida),20,Interior,DC48V,222.3*25*27.5,133,3,Macroled,MAZ Iluminación,Skyline (riel magnético 48V),
RMS-S-CD222-N-12W,7428325585423,Módulo lineal,Módulo Difuso,Negro,Smart,12W,0.25A,500,90°,2000-5000K (dinámico),20,Interior,DC48V,222.3*25*27.5,133,3,Macroled,MAZ Iluminación,Skyline (riel magnético 48V),
RMS-CD330-N-16W-WW,7428325584310,Módulo lineal,Módulo Difuso,Negro,Dimeable,16W,0.37A,640,90°,2200K (cálida),20,Interior,DC48V,330*25*27.5,200,3,Macroled,MAZ Iluminación,Skyline (riel magnético 48V),
RMS-S-CD330-N-16W,7428325585430,Módulo lineal,Módulo Difuso,Negro,Smart,16W,0.37A,640,90°,2000-5000K (dinámico),20,Interior,DC48V,330*25*27.5,200,3,Macroled,MAZ Iluminación,Skyline (riel magnético 48V),
RMS-CP114-B-6W-WW,7428325584952,Módulo lineal,Módulo Panal,Blanco,Dimeable,6W,1.13A,70,60°,2200K (cálida),20,Interior,DC48V,114.5*25*27.5,75,3,Macroled,MAZ Iluminación,Skyline (riel magnético 48V),
RMS-S-CP114-B-6W,7428325585935,Módulo lineal,Módulo Panal,Blanco,Smart,6W,1.13A,70,60°,2000-5000K (dinámico),20,Interior,DC48V,114.5*25*27.5,75,3,Macroled,MAZ Iluminación,Skyline (riel magnético 48V),
RMS-CP222-B-12W-WW,7428325584969,Módulo lineal,Módulo Panal,Blanco,Dimeable,12W,0.25A,160,60°,2200K (cálida),20,Interior,DC48V,222.3*25*27.5,137,3,Macroled,MAZ Iluminación,Skyline (riel magnético 48V),
RMS-S-CP222-B-12W,7428325585942,Módulo lineal,Módulo Panal,Blanco,Smart,12W,0.25A,160,60°,2000-5000K (dinámico),20,Interior,DC48V,222.3*25*27.5,137,3,Macroled,MAZ Iluminación,Skyline (riel magnético 48V),
RMS-CP330-B-16W-WW,7428325584976,Módulo lineal,Módulo Panal,Blanco,Dimeable,16W,0.37A,210,60°,2200K (cálida),20,Interior,DC48V,330*25*27.5,200,3,Macroled,MAZ Iluminación,Skyline (riel magnético 48V),
RMS-S-CP330-B-16W,7428325585959,Módulo lineal,Módulo Panal,Blanco,Smart,16W,0.37A,210,60°,2000-5000K (dinámico),20,Interior,DC48V,330*25*27.5,200,3,Macroled,MAZ Iluminación,Skyline (riel magnético 48V),
RMS-CP114-N-6W-WW,7428325584358,Módulo lineal,Módulo Panal,Negro,Dimeable,6W,1.13A,70,60°,2200K (cálida),20,Interior,DC48V,114.5*25*27.5,75,3,Macroled,MAZ Iluminación,Skyline (riel magnético 48V),
RMS-S-CP114-N-6W,7428325585492,Módulo lineal,Módulo Panal,Negro,Smart,6W,1.13A,70,60°,2000-5000K (dinámico),20,Interior,DC48V,114.5*25*27.5,75,3,Macroled,MAZ Iluminación,Skyline (riel magnético 48V),
RMS-CP222-N-12W-WW,7428325584365,Módulo lineal,Módulo Panal,Negro,Dimeable,12W,0.25A,160,60°,2200K (cálida),20,Interior,DC48V,222.3*25*27.5,137,3,Macroled,MAZ Iluminación,Skyline (riel magnético 48V),
RMS-S-CP222-N-12W,7428325585485,Módulo lineal,Módulo Panal,Negro,Smart,12W,0.25A,160,60°,2000-5000K (dinámico),20,Interior,DC48V,222.3*25*27.5,137,3,Macroled,MAZ Iluminación,Skyline (riel magnético 48V),
RMS-CP330-N-16W-WW,7428325584372,Módulo lineal,Módulo Panal,Negro,Dimeable,16W,0.37A,210,60°,2200K (cálida),20,Interior,DC48V,330*25*27.5,200,3,Macroled,MAZ Iluminación,Skyline (riel magnético 48V),
RMS-S-CP330-N-16W,7428325585492,Módulo lineal,Módulo Panal,Negro,Smart,16W,0.37A,210,60°,2000-5000K (dinámico),20,Interior,DC48V,330*25*27.5,200,3,Macroled,MAZ Iluminación,Skyline (riel magnético 48V),
RMS-CF114-B-6W-WW,7428325584921,Módulo lineal,Módulo Focal,Blanco,Dimeable,6W,1.13A,390,36°,2200K (cálida),20,Interior,DC48V,114.5*25*27.5,77,3,Macroled,MAZ Iluminación,Skyline (riel magnético 48V),
RMS-S-CF114-B-6W,7428325585904,Módulo lineal,Módulo Focal,Blanco,Smart,6W,1.13A,390,36°,2000-5000K (dinámico),20,Interior,DC48V,114.5*25*27.5,77,3,Macroled,MAZ Iluminación,Skyline (riel magnético 48V),
RMS-CF222-B-12W-WW,7428325584938,Módulo lineal,Módulo Focal,Blanco,Dimeable,12W,0.25A,880,36°,2200K (cálida),20,Interior,DC48V,222.3*25*27.5,150,3,Macroled,MAZ Iluminación,Skyline (riel magnético 48V),
RMS-S-CF222-B-12W,7428325585911,Módulo lineal,Módulo Focal,Blanco,Smart,12W,0.25A,880,36°,2000-5000K (dinámico),20,Interior,DC48V,222.3*25*27.5,150,3,Macroled,MAZ Iluminación,Skyline (riel magnético 48V),
RMS-CF330-B-16W-WW,7428325584945,Módulo lineal,Módulo Focal,Blanco,Dimeable,16W,0.37A,1040,36°,2200K (cálida),20,Interior,DC48V,330*25*27.5,220,3,Macroled,MAZ Iluminación,Skyline (riel magnético 48V),
RMS-S-CF330-B-16W,7428325585928,Módulo lineal,Módulo Focal,Blanco,Smart,16W,0.37A,1040,36°,2000-5000K (dinámico),20,Interior,DC48V,330*25*27.5,220,3,Macroled,MAZ Iluminación,Skyline (riel magnético 48V),
RMS-CF114-N-6W-WW,7428325584327,Módulo lineal,Módulo Focal,Negro,Dimeable,6W,1.13A,390,36°,2200K (cálida),20,Interior,DC48V,114.5*25*27.5,77,3,Macroled,MAZ Iluminación,Skyline (riel magnético 48V),
RMS-S-CF114-N-6W,7428325585447,Módulo lineal,Módulo Focal,Negro,Smart,6W,1.13A,390,36°,2000-5000K (dinámico),20,Interior,DC48V,114.5*25*27.5,77,3,Macroled,MAZ Iluminación,Skyline (riel magnético 48V),
RMS-CF222-N-12W-WW,7428325584334,Módulo lineal,Módulo Focal,Negro,Dimeable,12W,0.25A,880,36°,2200K (cálida),20,Interior,DC48V,222.3*25*27.5,150,3,Macroled,MAZ Iluminación,Skyline (riel magnético 48V),
RMS-S-CF222-N-12W,7428325585454,Módulo lineal,Módulo Focal,Negro,Smart,12W,0.25A,880,36°,2000-5000K (dinámico),20,Interior,DC48V,222.3*25*27.5,150,3,Macroled,MAZ Iluminación,Skyline (riel magnético 48V),
RMS-CF330-N-16W-WW,7428325584341,Módulo lineal,Módulo Focal,Negro,Dimeable,16W,0.37A,1040,36°,2200K (cálida),20,Interior,DC48V,330*25*27.5,220,3,Macroled,MAZ Iluminación,Skyline (riel magnético 48V),
RMS-S-CF330-N-16W,7428325585461,Módulo lineal,Módulo Focal,Negro,Smart,16W,0.37A,1040,36°,2000-5000K (dinámico),20,Interior,DC48V,330*25*27.5,220,3,Macroled,MAZ Iluminación,Skyline (riel magnético 48V),
RMS-MM-B-6W,7428325585393,Cabezal,Cabezal Móvil,Blanco,,6W,,,,,20,Interior,DC48V,114.5*25*48,100,3,Macroled,MAZ Iluminación,Skyline (riel magnético 48V),
RMS-MM-B-12W,7428325585409,Cabezal,Cabezal Móvil,Blanco,,12W,,,,,20,Interior,DC48V,222.3*25*48,150,3,Macroled,MAZ Iluminación,Skyline (riel magnético 48V),
RMS-MM-N-6W,7428325584792,Cabezal,Cabezal Móvil,Negro,,6W,,,,,20,Interior,DC48V,114.5*25*48,100,3,Macroled,MAZ Iluminación,Skyline (riel magnético 48V),
RMS-MM-N-12W,7428325584808,Cabezal,Cabezal Móvil,Negro,,12W,,,,,20,Interior,DC48V,222.3*25*48,150,3,Macroled,MAZ Iluminación,Skyline (riel magnético 48V),
RMS-CM-B-5W-15G-WW,7428325584983,Spot,Spot Móvil Simple,Blanco,Dimeable,5W,0.11A,275,15°,2200K (cálida),20,Interior,DC48V,,98,3,Macroled,MAZ Iluminación,Skyline (riel magnético 48V),
RMS-CM-B-5W-24G-WW,7428325584990,Spot,Spot Móvil Simple,Blanco,Dimeable,5W,0.11A,275,24°,2200K (cálida),20,Interior,DC48V,,98,3,Macroled,MAZ Iluminación,Skyline (riel magnético 48V),
RMS-CM-B-5W-36G-WW,7428325585003,Spot,Spot Móvil Simple,Blanco,Dimeable,5W,0.11A,275,36°,2200K (cálida),20,Interior,DC48V,,98,3,Macroled,MAZ Iluminación,Skyline (riel magnético 48V),
RMS-S-CM-B-5W-24G,7428325585973,Spot,Spot Móvil Simple,Blanco,Smart,5W,0.11A,275,24°,2000-5000K (dinámico),20,Interior,DC48V,,98,3,Macroled,MAZ Iluminación,Skyline (riel magnético 48V),
RMS-CM-B-7W-15G-WW,7428325585041,Spot,Spot Móvil Simple,Blanco,Dimeable,7W,0.15A,370,15°,2200K (cálida),20,Interior,DC48V,,160,3,Macroled,MAZ Iluminación,Skyline (riel magnético 48V),
RMS-CM-B-7W-24G-WW,7428325585058,Spot,Spot Móvil Simple,Blanco,Dimeable,7W,0.15A,370,24°,2200K (cálida),20,Interior,DC48V,,160,3,Macroled,MAZ Iluminación,Skyline (riel magnético 48V),
RMS-CM-B-7W-36G-WW,7428325585065,Spot,Spot Móvil Simple,Blanco,Dimeable,7W,0.15A,370,36°,2200K (cálida),20,Interior,DC48V,,160,3,Macroled,MAZ Iluminación,Skyline (riel magnético 48V),
RMS-S-CM-B-7W-24G,7428325586031,Spot,Spot Móvil Simple,Blanco,Smart,7W,0.15A,370,24°,2000-5000K (dinámico),20,Interior,DC48V,,160,3,Macroled,MAZ Iluminación,Skyline (riel magnético 48V),
RMS-CM-B-12W-15G-WW,7428325585102,Spot,Spot Móvil Simple,Blanco,Dimeable,12W,0.24A,840,15°,2200K (cálida),20,Interior,DC48V,,175,3,Macroled,MAZ Iluminación,Skyline (riel magnético 48V),
RMS-CM-B-12W-24G-WW,7428325585119,Spot,Spot Móvil Simple,Blanco,Dimeable,12W,0.24A,840,24°,2200K (cálida),20,Interior,DC48V,,175,3,Macroled,MAZ Iluminación,Skyline (riel magnético 48V),
RMS-CM-B-12W-36G-WW,7428325585126,Spot,Spot Móvil Simple,Blanco,Dimeable,12W,0.24A,840,36°,2200K (cálida),20,Interior,DC48V,,175,3,Macroled,MAZ Iluminación,Skyline (riel magnético 48V),
RMS-S-CM-B-12W-24G,7428325586093,Spot,Spot Móvil Simple,Blanco,Smart,12W,0.24A,840,24°,2000-5000K (dinámico),20,Interior,DC48V,,175,3,Macroled,MAZ Iluminación,Skyline (riel magnético 48V),
RMS-CM-B-15W-15G-WW,7428325585133,Spot,Spot Móvil Simple,Blanco,Dimeable,15W,0.33A,1050,15°,2200K (cálida),20,Interior,DC48V,,250,3,Macroled,MAZ Iluminación,Skyline (riel magnético 48V),
RMS-CM-B-15W-24G-WW,7428325585140,Spot,Spot Móvil Simple,Blanco,Dimeable,15W,0.33A,1050,24°,2200K (cálida),20,Interior,DC48V,,250,3,Macroled,MAZ Iluminación,Skyline (riel magnético 48V),
RMS-CM-B-15W-36G-WW,7428325585157,Spot,Spot Móvil Simple,Blanco,Dimeable,15W,0.33A,1050,36°,2200K (cálida),20,Interior,DC48V,,250,3,Macroled,MAZ Iluminación,Skyline (riel magnético 48V),
RMS-S-CM-B-15W-24G,7428325586123,Spot,Spot Móvil Simple,Blanco,Smart,15W,0.33A,1050,24°,2000-5000K (dinámico),20,Interior,DC48V,,250,3,Macroled,MAZ Iluminación,Skyline (riel magnético 48V),
RMS-CM-N-5W-15G-WW,7428325584389,Spot,Spot Móvil Simple,Negro,Dimeable,5W,0.11A,275,15°,2200K (cálida),20,Interior,DC48V,,98,3,Macroled,MAZ Iluminación,Skyline (riel magnético 48V),
RMS-CM-N-5W-24G-WW,7428325584396,Spot,Spot Móvil Simple,Negro,Dimeable,5W,0.11A,275,24°,2200K (cálida),20,Interior,DC48V,,98,3,Macroled,MAZ Iluminación,Skyline (riel magnético 48V),
RMS-CM-N-5W-36G-WW,7428325584402,Spot,Spot Móvil Simple,Negro,Dimeable,5W,0.11A,275,36°,2200K (cálida),20,Interior,DC48V,,98,3,Macroled,MAZ Iluminación,Skyline (riel magnético 48V),
RMS-S-CM-N-5W-24G,7428325585515,Spot,Spot Móvil Simple,Negro,Smart,5W,0.11A,275,24°,2000-5000K (dinámico),20,Interior,DC48V,,98,3,Macroled,MAZ Iluminación,Skyline (riel magnético 48V),
RMS-CM-N-7W-15G-WW,7428325584440,Spot,Spot Móvil Simple,Negro,Dimeable,7W,0.15A,370,15°,2200K (cálida),20,Interior,DC48V,,160,3,Macroled,MAZ Iluminación,Skyline (riel magnético 48V),
RMS-CM-N-7W-24G-WW,7428325584457,Spot,Spot Móvil Simple,Negro,Dimeable,7W,0.15A,370,24°,2200K (cálida),20,Interior,DC48V,,160,3,Macroled,MAZ Iluminación,Skyline (riel magnético 48V),
RMS-CM-N-7W-36G-WW,7428325584464,Spot,Spot Móvil Simple,Negro,Dimeable,7W,0.15A,370,36°,2200K (cálida),20,Interior,DC48V,,160,3,Macroled,MAZ Iluminación,Skyline (riel magnético 48V),
RMS-S-CM-N-7W-24G,7428325585577,Spot,Spot Móvil Simple,Negro,Smart,7W,0.15A,370,24°,2000-5000K (dinámico),20,Interior,DC48V,,160,3,Macroled,MAZ Iluminación,Skyline (riel magnético 48V),
RMS-CM-N-12W-15G-WW,7428325584501,Spot,Spot Móvil Simple,Negro,Dimeable,12W,0.24A,840,15°,2200K (cálida),20,Interior,DC48V,,175,3,Macroled,MAZ Iluminación,Skyline (riel magnético 48V),
RMS-CM-N-12W-24G-WW,7428325584518,Spot,Spot Móvil Simple,Negro,Dimeable,12W,0.24A,840,24°,2200K (cálida),20,Interior,DC48V,,175,3,Macroled,MAZ Iluminación,Skyline (riel magnético 48V),
RMS-CM-N-12W-36G-WW,7428325584525,Spot,Spot Móvil Simple,Negro,Dimeable,12W,0.24A,840,36°,2200K (cálida),20,Interior,DC48V,,175,3,Macroled,MAZ Iluminación,Skyline (riel magnético 48V),
RMS-S-CM-N-12W-24G,7428325585638,Spot,Spot Móvil Simple,Negro,Smart,12W,0.24A,840,24°,2000-5000K (dinámico),20,Interior,DC48V,,175,3,Macroled,MAZ Iluminación,Skyline (riel magnético 48V),
RMS-CM-N-15W-15G-WW,7428325584532,Spot,Spot Móvil Simple,Negro,Dimeable,15W,0.33A,1050,15°,2200K (cálida),20,Interior,DC48V,,250,3,Macroled,MAZ Iluminación,Skyline (riel magnético 48V),
RMS-CM-N-15W-24G-WW,7428325584549,Spot,Spot Móvil Simple,Negro,Dimeable,15W,0.33A,1050,24°,2200K (cálida),20,Interior,DC48V,,250,3,Macroled,MAZ Iluminación,Skyline (riel magnético 48V),
RMS-CM-N-15W-36G-WW,7428325584556,Spot,Spot Móvil Simple,Negro,Dimeable,15W,0.33A,1050,36°,2200K (cálida),20,Interior,DC48V,,250,3,Macroled,MAZ Iluminación,Skyline (riel magnético 48V),
RMS-S-CM-N-15W-24G,7428325585669,Spot,Spot Móvil Simple,Negro,Smart,15W,0.33A,1050,24°,2000-5000K (dinámico),20,Interior,DC48V,,250,3,Macroled,MAZ Iluminación,Skyline (riel magnético 48V),
RMS-CMD-B-10W-15G-WW,7428325585010,Spot,Spot Móvil Doble,Blanco,Dimeable,10W,0.20A,700,15°,2200K (cálida),20,Interior,DC48V,,147,3,Macroled,MAZ Iluminación,Skyline (riel magnético 48V),
RMS-CMD-B-10W-24G-WW,7428325585027,Spot,Spot Móvil Doble,Blanco,Dimeable,10W,0.20A,700,24°,2200K (cálida),20,Interior,DC48V,,147,3,Macroled,MAZ Iluminación,Skyline (riel magnético 48V),
RMS-CMD-B-10W-36G-WW,7428325585034,Spot,Spot Móvil Doble,Blanco,Dimeable,10W,0.20A,700,36°,2200K (cálida),20,Interior,DC48V,,147,3,Macroled,MAZ Iluminación,Skyline (riel magnético 48V),
RMS-S-CMD-B-10W-24G,7428325586000,Spot,Spot Móvil Doble,Blanco,Smart,10W,0.20A,700,24°,2000-5000K (dinámico),20,Interior,DC48V,,147,3,Macroled,MAZ Iluminación,Skyline (riel magnético 48V),
RMS-CMD-B-14W-15G-WW,7428325585010,Spot,Spot Móvil Doble,Blanco,Dimeable,14W,0.26A,980,15°,2200K (cálida),20,Interior,DC48V,,275,3,Macroled,MAZ Iluminación,Skyline (riel magnético 48V),
RMS-CMD-B-14W-24G-WW,7428325585027,Spot,Spot Móvil Doble,Blanco,Dimeable,14W,0.26A,980,24°,2200K (cálida),20,Interior,DC48V,,275,3,Macroled,MAZ Iluminación,Skyline (riel magnético 48V),
RMS-CMD-B-14W-36G-WW,7428325585034,Spot,Spot Móvil Doble,Blanco,Dimeable,14W,0.26A,980,36°,2200K (cálida),20,Interior,DC48V,,275,3,Macroled,MAZ Iluminación,Skyline (riel magnético 48V),
RMS-S-CMD-B-14W-24G,7428325586062,Spot,Spot Móvil Doble,Blanco,Smart,14W,0.26A,980,24°,2000-5000K (dinámico),20,Interior,DC48V,,275,3,Macroled,MAZ Iluminación,Skyline (riel magnético 48V),
RMS-CMD-N-10W-15G-WW,7428325584419,Spot,Spot Móvil Doble,Negro,Dimeable,10W,0.20A,700,15°,2200K (cálida),20,Interior,DC48V,,147,3,Macroled,MAZ Iluminación,Skyline (riel magnético 48V),
RMS-CMD-N-10W-24G-WW,7428325584426,Spot,Spot Móvil Doble,Negro,Dimeable,10W,0.20A,700,24°,2200K (cálida),20,Interior,DC48V,,147,3,Macroled,MAZ Iluminación,Skyline (riel magnético 48V),
RMS-CMD-N-10W-36G-WW,7428325584433,Spot,Spot Móvil Doble,Negro,Dimeable,10W,0.20A,700,36°,2200K (cálida),20,Interior,DC48V,,147,3,Macroled,MAZ Iluminación,Skyline (riel magnético 48V),
RMS-S-CMD-N-10W-24G,7428325585546,Spot,Spot Móvil Doble,Negro,Smart,10W,0.20A,700,24°,2000-5000K (dinámico),20,Interior,DC48V,,147,3,Macroled,MAZ Iluminación,Skyline (riel magnético 48V),
RMS-CMD-N-14W-15G-WW,7428325584471,Spot,Spot Móvil Doble,Negro,Dimeable,14W,0.26A,980,15°,2200K (cálida),20,Interior,DC48V,,275,3,Macroled,MAZ Iluminación,Skyline (riel magnético 48V),
RMS-CMD-N-14W-24G-WW,7428325584488,Spot,Spot Móvil Doble,Negro,Dimeable,14W,0.26A,980,24°,2200K (cálida),20,Interior,DC48V,,275,3,Macroled,MAZ Iluminación,Skyline (riel magnético 48V),
RMS-CMD-N-14W-36G-WW,7428325584495,Spot,Spot Móvil Doble,Negro,Dimeable,14W,0.26A,980,36°,2200K (cálida),20,Interior,DC48V,,275,3,Macroled,MAZ Iluminación,Skyline (riel magnético 48V),
RMS-S-CMD-N-14W-24G,7428325585607,Spot,Spot Móvil Doble,Negro,Smart,14W,0.26A,980,24°,2000-5000K (dinámico),20,Interior,DC48V,,275,3,Macroled,MAZ Iluminación,Skyline (riel magnético 48V),
RMS-CED-B-10W-WW,7428325585164,Colgante,Colgante Esférico Difuso,Blanco,Dimeable,10W,0.21A,700,120°,2200K (cálida),20,Interior,DC48V,114.5*Ø100*1000,550,3,Macroled,MAZ Iluminación,Skyline (riel magnético 48V),
RMS-S-CED-B-10W,7428325586147,Colgante,Colgante Esférico Difuso,Blanco,Smart,10W,0.21A,700,120°,2200-5000K (dinámico),20,Interior,DC48V,114.5*Ø100*1000,550,3,Macroled,MAZ Iluminación,Skyline (riel magnético 48V),
RMS-CED-N-10W-WW,7428325584563,Colgante,Colgante Esférico Difuso,Negro,Dimeable,10W,0.21A,700,120°,2200K (cálida),20,Interior,DC48V,114.5*Ø100*1000,550,3,Macroled,MAZ Iluminación,Skyline (riel magnético 48V),
RMS-S-CED-N-10W,7428325585683,Colgante,Colgante Esférico Difuso,Negro,Smart,10W,0.21A,700,120°,2200-5000K (dinámico),20,Interior,DC48V,114.5*Ø100*1000,550,3,Macroled,MAZ Iluminación,Skyline (riel magnético 48V),
RMS-CEF-B-12W-WW,7428325585188,Colgante,Colgante Esférico Focal,Blanco,Dimeable,12W,0.25A,780,24°,2200K (cálida),20,Interior,DC48V,114.5*Ø100*1000,710,3,Macroled,MAZ Iluminación,Skyline (riel magnético 48V),
RMS-S-CEF-B-12W,7428325586161,Colgante,Colgante Esférico Focal,Blanco,Smart,12W,0.25A,780,24°,2000-5000K (dinámico),20,Interior,DC48V,114.5*Ø100*1000,710,3,Macroled,MAZ Iluminación,Skyline (riel magnético 48V),
RMS-CEF-N-12W-WW,7428325584587,Colgante,Colgante Esférico Focal,Negro,Dimeable,12W,0.25A,780,24°,2200K (cálida),20,Interior,DC48V,114.5*Ø100*1000,710,3,Macroled,MAZ Iluminación,Skyline (riel magnético 48V),
RMS-S-CEF-N-12W,7428325585706,Colgante,Colgante Esférico Focal,Negro,Smart,12W,0.25A,780,24°,2000-5000K (dinámico),20,Interior,DC48V,114.5*Ø100*1000,710,3,Macroled,MAZ Iluminación,Skyline (riel magnético 48V),
RMS-CC-B-9W-24G-WW,7428325585218,Colgante,Colgante Tubular,Blanco,Dimeable,9W,0.21A,450,24°,2200K (cálida),20,Interior,DC48V,114.5*Ø50*1000,390,3,Macroled,MAZ Iluminación,Skyline (riel magnético 48V),
RMS-CC-B-9W-36G-WW,7428325585225,Colgante,Colgante Tubular,Blanco,Dimeable,9W,0.21A,450,36°,2200K (cálida),20,Interior,DC48V,114.5*Ø50*1000,390,3,Macroled,MAZ Iluminación,Skyline (riel magnético 48V),
RMS-CC-B-15W-15G-WW,7428325585263,Colgante,Colgante Tubular,Blanco,Dimeable,15W,0.33A,750,15°,2200K (cálida),20,Interior,DC48V,114.5*Ø45*1000,480,3,Macroled,MAZ Iluminación,Skyline (riel magnético 48V),
RMS-CC-B-15W-24G-WW,7428325585270,Colgante,Colgante Tubular,Blanco,Dimeable,15W,0.33A,750,24°,2200K (cálida),20,Interior,DC48V,114.5*Ø45*1000,480,3,Macroled,MAZ Iluminación,Skyline (riel magnético 48V),
RMS-CC-B-15W-36G-WW,7428325585287,Colgante,Colgante Tubular,Blanco,Dimeable,15W,0.33A,750,36°,2200K (cálida),20,Interior,DC48V,114.5*Ø45*1000,480,3,Macroled,MAZ Iluminación,Skyline (riel magnético 48V),
RMS-S-CC-B-15W-24G,7428325586253,Colgante,Colgante Tubular,Blanco,Smart,15W,0.33A,750,24°,2000-5000K (dinámico),20,Interior,DC48V,114.5*Ø45*1000,480,3,Macroled,MAZ Iluminación,Skyline (riel magnético 48V),
RMS-S-CC-B-15W-36G,7428325586260,Colgante,Colgante Tubular,Blanco,Smart,15W,0.33A,750,36°,2000-5000K (dinámico),20,Interior,DC48V,114.5*Ø45*1000,480,3,Macroled,MAZ Iluminación,Skyline (riel magnético 48V),
RMS-CC-N-9W-24G-WW,7428325584617,Colgante,Colgante Tubular,Negro,Dimeable,9W,0.21A,450,24°,2200K (cálida),20,Interior,DC48V,114.5*Ø50*1000,390,3,Macroled,MAZ Iluminación,Skyline (riel magnético 48V),
RMS-CC-N-9W-36G-WW,7428325584624,Colgante,Colgante Tubular,Negro,Dimeable,9W,0.21A,450,36°,2200K (cálida),20,Interior,DC48V,114.5*Ø50*1000,390,3,Macroled,MAZ Iluminación,Skyline (riel magnético 48V),
RMS-CC-N-15W-15G-WW,7428325584662,Colgante,Colgante Tubular,Negro,Dimeable,15W,0.33A,750,15°,2200K (cálida),20,Interior,DC48V,114.5*Ø45*1000,480,3,Macroled,MAZ Iluminación,Skyline (riel magnético 48V),
RMS-CC-N-15W-24G-WW,7428325584679,Colgante,Colgante Tubular,Negro,Dimeable,15W,0.33A,750,24°,2200K (cálida),20,Interior,DC48V,114.5*Ø45*1000,480,3,Macroled,MAZ Iluminación,Skyline (riel magnético 48V),
RMS-CC-N-15W-36G-WW,7428325584686,Colgante,Colgante Tubular,Negro,Dimeable,15W,0.33A,750,36°,2200K (cálida),20,Interior,DC48V,114.5*Ø45*1000,480,3,Macroled,MAZ Iluminación,Skyline (riel magnético 48V),
RMS-S-CC-N-15W-24G,7428325585799,Colgante,Colgante Tubular,Negro,Smart,15W,0.33A,750,24°,2000-5000K (dinámico),20,Interior,DC48V,114.5*Ø45*1000,480,3,Macroled,MAZ Iluminación,Skyline (riel magnético 48V),
RMS-S-CC-N-15W-36G,7428325585805,Colgante,Colgante Tubular,Negro,Smart,15W,0.33A,750,36°,2000-5000K (dinámico),20,Interior,DC48V,114.5*Ø45*1000,480,3,Macroled,MAZ Iluminación,Skyline (riel magnético 48V),
RMS-AED-B-10W-WW,7428325585171,Aplique,Aplique Esférico Difuso,Blanco,Dimeable,10W,0.21A,700,120°,2200K (cálida),20,Interior,DC48V,114.5*Ø100*118,710,3,Macroled,MAZ Iluminación,Skyline (riel magnético 48V),
RMS-S-AED-B-10W,7428325586154,Aplique,Aplique Esférico Difuso,Blanco,Smart,10W,0.21A,700,120°,2000-5000K (dinámico),20,Interior,DC48V,114.5*Ø100*118,710,3,Macroled,MAZ Iluminación,Skyline (riel magnético 48V),
RMS-AED-N-10W-WW,7428325584570,Aplique,Aplique Esférico Difuso,Negro,Dimeable,10W,0.21A,700,120°,2200K (cálida),20,Interior,DC48V,114.5*Ø100*118,710,3,Macroled,MAZ Iluminación,Skyline (riel magnético 48V),
RMS-S-AED-N-10W,7428325585690,Aplique,Aplique Esférico Difuso,Negro,Smart,10W,0.21A,700,120°,2000-5000K (dinámico),20,Interior,DC48V,114.5*Ø100*118,710,3,Macroled,MAZ Iluminación,Skyline (riel magnético 48V),
RMS-AEF-B-12W-24G-WW,7428325585195,Aplique,Aplique Esférico Focal,Blanco,Dimeable,12W,0.25A,780,24°,2200K (cálida),20,Interior,DC48V,114.5*Ø100*118,677,3,Macroled,MAZ Iluminación,Skyline (riel magnético 48V),
RMS-AEF-B-12W-36G-WW,7428325585201,Aplique,Aplique Esférico Focal,Blanco,Dimeable,12W,0.25A,780,36°,2200K (cálida),20,Interior,DC48V,114.5*Ø100*118,677,3,Macroled,MAZ Iluminación,Skyline (riel magnético 48V),
RMS-S-AEF-B-12W-24G,7428325586178,Aplique,Aplique Esférico Focal,Blanco,Smart,12W,0.25A,780,24°,2000-5000K (dinámico),20,Interior,DC48V,114.5*Ø100*118,677,3,Macroled,MAZ Iluminación,Skyline (riel magnético 48V),
RMS-AEF-N-12W-24G-WW,7428325584594,Aplique,Aplique Esférico Focal,Negro,Dimeable,12W,0.25A,780,24°,2200K (cálida),20,Interior,DC48V,114.5*Ø100*118,677,3,Macroled,MAZ Iluminación,Skyline (riel magnético 48V),
RMS-AEF-N-12W-36G-WW,7428325584600,Aplique,Aplique Esférico Focal,Negro,Dimeable,12W,0.25A,780,36°,2200K (cálida),20,Interior,DC48V,114.5*Ø100*118,677,3,Macroled,MAZ Iluminación,Skyline (riel magnético 48V),
RMS-S-AEF-N-12W-24G,7428325585713,Aplique,Aplique Esférico Focal,Negro,Smart,12W,0.25A,780,24°,2000-5000K (dinámico),20,Interior,DC48V,114.5*Ø100*118,677,3,Macroled,MAZ Iluminación,Skyline (riel magnético 48V),
RMS-ATD302-B-6W-WW,7428325585355,Aplique,Aplique Tubo Difuso,Blanco,Dimeable,6W,0.13A,600,120°,2200K (cálida),20,Interior,DC48V,302*Ø28*83.6,140,3,Macroled,MAZ Iluminación,Skyline (riel magnético 48V),
RMS-ATD602-B-12W-WW,7428325585362,Aplique,Aplique Tubo Difuso,Blanco,Dimeable,12W,0.23A,1200,120°,2200K (cálida),20,Interior,DC48V,602*Ø28*83.6,200,3,Macroled,MAZ Iluminación,Skyline (riel magnético 48V),
RMS-ATD302-N-6W-WW,7428325584754,Aplique,Aplique Tubo Difuso,Negro,Dimeable,6W,0.13A,600,120°,2200K (cálida),20,Interior,DC48V,302*Ø28*83.6,140,3,Macroled,MAZ Iluminación,Skyline (riel magnético 48V),
RMS-ATD602-N-12W-WW,7428325584761,Aplique,Aplique Tubo Difuso,Negro,Dimeable,12W,0.23A,1200,120°,2200K (cálida),20,Interior,DC48V,602*Ø28*83.6,200,3,Macroled,MAZ Iluminación,Skyline (riel magnético 48V),
RMS-TF1000-B-10W-WW,7428325585379,Tubo flexible,Tubo Flexible Difuso,Blanco,Dimeable,10W,0.38A,600,360°,2200K (cálida),20,Interior,DC48V,1000*Ø22,500,3,Macroled,MAZ Iluminación,Skyline (riel magnético 48V),
RMS-TF2000-B-20W-WW,7428325585386,Tubo flexible,Tubo Flexible Difuso,Blanco,Dimeable,20W,0.8A,1200,360°,2200K (cálida),20,Interior,DC48V,2000*Ø22,800,3,Macroled,MAZ Iluminación,Skyline (riel magnético 48V),
RMS-TF1000-N-10W-WW,7428325584778,Tubo flexible,Tubo Flexible Difuso,Negro,Dimeable,10W,0.38A,600,360°,2200K (cálida),20,Interior,DC48V,1000*Ø22,500,3,Macroled,MAZ Iluminación,Skyline (riel magnético 48V),
RMS-TF2000-N-20W-WW,7428325584785,Tubo flexible,Tubo Flexible Difuso,Negro,Dimeable,20W,0.8A,1200,360°,2200K (cálida),20,Interior,DC48V,2000*Ø22,800,3,Macroled,MAZ Iluminación,Skyline (riel magnético 48V),
FRMS-100W-48V-BCO,7428325584839,Fuente,Fuente de Alimentación,Blanco,,100W,2.1A,,,,20,Interior,AC185-265V / DC48V,290*25*27.7,315,3,Macroled,MAZ Iluminación,Skyline (riel magnético 48V),
FRMS-100W-48V-NEG,7428325584815,Fuente,Fuente de Alimentación,Negro,,100W,2.1A,,,,20,Interior,AC185-265V / DC48V,290*25*27.7,315,3,Macroled,MAZ Iluminación,Skyline (riel magnético 48V),
FRMS-200W-48V-BCO,7428325584846,Fuente,Fuente de Alimentación,Blanco,,200W,4.2A,,,,20,Interior,AC185-265V / DC48V,340*25*27.7,340,3,Macroled,MAZ Iluminación,Skyline (riel magnético 48V),
FRMS-200W-48V-NEG,7428325584822,Fuente,Fuente de Alimentación,Negro,,200W,4.2A,,,,20,Interior,AC185-265V / DC48V,340*25*27.7,340,3,Macroled,MAZ Iluminación,Skyline (riel magnético 48V),
FRMS-DIM-100W-48V-BCO,7428325584877,Fuente,Fuente de Alimentación,Blanco,Dimeable,100W,2.1A,,,,20,Interior,AC185-265V / DC48V,290*25*27.7,315,3,Macroled,MAZ Iluminación,Skyline (riel magnético 48V),
FRMS-DIM-100W-48V-NEG,7428325584853,Fuente,Fuente de Alimentación,Negro,Dimeable,100W,2.1A,,,,20,Interior,AC185-265V / DC48V,290*25*27.7,315,3,Macroled,MAZ Iluminación,Skyline (riel magnético 48V),
FRMS-DIM-200W-48V-BCO,7428325584884,Fuente,Fuente de Alimentación,Blanco,Dimeable,200W,4.2A,,,,20,Interior,AC185-265V / DC48V,340*25*27.7,340,3,Macroled,MAZ Iluminación,Skyline (riel magnético 48V),
FRMS-DIM-200W-48V-NEG,7428325584860,Fuente,Fuente de Alimentación,Negro,Dimeable,200W,4.2A,,,,20,Interior,AC185-265V / DC48V,340*25*27.7,340,3,Macroled,MAZ Iluminación,Skyline (riel magnético 48V),
